Name,Undergrad School,Graduate School,Current Company,Current Title,Previous Companies,Previous Titles,Linkedin,EXIT,FOUNDER,STARTUP,UNDERGRAD,GRADUATE,COMPANY,SENIORITY,EXPERTISE,feature_vector
Pedro Franceschi,Stanford University,,Brex,Founder and CEO,"['Pagar.me Pagamentos S.A.', 'M4U', 'Sync Mobile', 'Brainjuice']","['Founder', 'Software Engineer', 'Software Engineer', 'Software Engineer']",https://www.linkedin.com/in/pfranceschi,1,3,3,1,0,1,1,3,[1 0 0 1 0 0 0 1 0 0 1 0 0 0 0 1 0 1 0 0 0 0 1 0 0 1]
Henrique Dubugras,Stanford University,,Brex,Founder and Chairman,"['Pagar.me', 'EduqueMe', 'Estudar nos EUA', 'Views', 'Ingresse', 'Cronus Emulator']","['Founder and CEO', 'Founder', 'Founder', 'iOS Developer', 'Tech Leader', 'Developer']",https://www.linkedin.com/in/henriquedubugras,2,3,3,1,0,1,1,1,[1 0 0 1 0 0 0 1 0 0 1 0 0 1 0 0 0 0 1 0 0 0 1 0 0 1]
Wei D.,Yale University,,Clipboard Health,CEO & Founder,"['Y Combinator', 'Sendwave (International Remittance)', 'Moelis & Company', 'Davis Polk & Wardwell LLP', 'Wachtell, Lipton, Rosen & Katz', 'Department of Economics, University of Chicago']","['W17 Alumni', 'Product Manager and Business Operations', 'Associate', 'Associate', 'Summer Associate', 'Researcher']",https://www.linkedin.com/in/dengwei,0,3,3,1,0,1,1,3,[1 0 0 1 0 0 0 1 0 0 1 0 0 0 0 1 1 0 0 0 0 0 1 0 0 1]
Marcelo Cortes,University of Waterloo,,Faire,CTO & Co-Founder,"['Square', 'FreePoint Inc', 'Google', 'Nikon Metrology', 'Mobile Computing Corporation', 'Virtek Vision International', 'Bell Canada', 'Vesta Technologies', 'WA']","['Staff Software Engineer', 'Co-Founder', 'Senior Software Engineer', 'Senior Software Architect', 'Embedded Software Developer', 'Senior Software Developer', 'Embedded Software Developer', 'Software Developer', 'Software Developer']",https://www.linkedin.com/in/marcelo-cortes-b34317,0,1,3,3,0,2,2,3,[0 0 1 1 0 0 0 0 1 0 0 1 0 0 0 1 1 0 0 0 1 0 0 0 0 1]
Daniele Perito,Sapienza Università di Roma,Sapienza Università di Roma,Faire,Chief Data Officer & Co-Founder,"['Square', 'UC Berkeley', 'Stanford University', 'UC Irvine', 'INRIA', 'Independent']","['Director of security and risk engineering', 'Postdoctoral Researcher', 'Research Visitor', 'Research Visitor', 'Research Intern', 'Security Consultant']",https://www.linkedin.com/in/danieleperito,0,3,3,1,1,1,2,3,[1 0 0 0 1 0 0 1 0 0 0 1 0 0 0 1 1 0 0 0 0 0 1 0 0 1]
Max Rhodes,Yale University,,Faire,Co-founder and CEO,"['Square', 'Square', 'Square', 'Square', 'AppDirect', 'Bain and Company', 'College Pro Painters', 'Morey Evans Advertising']","['Director of Consumer Product, Caviar', 'Product Manager, Square Cash', 'Product Manager, Square Capital', 'Business Analyst', 'End-User Strategy', 'Associate Consultant', 'Franchise Manager', 'PR intern']",https://www.linkedin.com/in/max-rhodes,0,1,3,1,0,1,2,3,[1 0 0 1 0 0 0 1 0 0 0 1 0 0 0 1 1 0 0 0 1 0 0 0 0 1]
Parker Conrad,Harvard University,,Rippling,Customer Support,"['Zenefits', 'SigFig', 'SigFig', 'Wikinvest', 'Amgen']","['Co-Founder and CEO', 'Co-Founder, Board Member', 'President, Head of Product', 'Co-CEO, Co-Founder', 'Product Manager']",https://www.linkedin.com/in/parkerconrad,0,3,3,1,0,1,2,3,[1 0 0 1 0 0 0 1 0 0 0 1 0 0 0 1 1 0 0 0 0 0 1 0 0 1]
Prasanna Sankar,,,Rippling,Co-Founder and CTO,"['Zenefits', 'Likealittle', 'Microsoft', 'Google']","['Director of Engineering', 'Co-Founder and CTO', 'Software Developer', 'Intern']",https://www.linkedin.com/in/myprasanna,0,3,3,1,0,2,2,3,[1 0 0 1 0 0 0 0 1 0 0 1 0 0 0 1 1 0 0 0 0 0 1 0 0 1]
Chris Pihl,University of Washington,University of Washington,Helion Energy,"Co-Founder, CTO","['Pulse Power Solutions, LLC', 'University of Washington', 'University of Washington', 'University of Washington', 'MSNW', 'May Creek Power']","['President', 'Engineer / Scientist II', 'Senior Technical Lead', 'Engineering Technician', 'Project Manager / Pulsed Power Engineer', 'President']",https://www.linkedin.com/in/chris-pihl-4a84b1a,0,2,2,2,1,1,2,3,[0 1 0 0 1 0 0 1 0 0 0 1 0 0 0 1 1 0 0 0 0 1 0 0 1 0]
Anthony Romero,Princeton University,,American Civil Liberties Union,Executive Director (CEO),"['Ford Foundation', 'The Rockefeller Foundation']","['Director, Human Rights and International Cooperation & Program Officer', 'Senior Program Advisor & Warren Weaver Fellow']",https://www.linkedin.com/in/anthonydromero,0,0,1,1,0,1,2,1,[1 0 0 1 0 0 0 1 0 0 0 1 0 1 0 0 1 0 0 0 1 0 0 1 0 0]
Kevin Kliman,Brown University,,Humi,CEO and Cofounder,"['Instaradio', 'DentistryInToronto.com', 'iStudyCards', 'DentalChimp', 'Amalgam Waste Solutions Inc.']","['Founder', 'Dentist', 'Creator', 'Founder', 'Founder']",https://www.linkedin.com/in/kkliman,0,3,3,1,0,1,1,1,[1 0 0 1 0 0 0 1 0 0 1 0 0 1 0 0 1 0 0 0 0 0 1 0 0 1]
Matt Loszak,Queen's University,,Humi,Board Member,"['JamCam, Inc.', 'Swallow Acoustic Consultants Ltd / Thornton Tomasetti']","['Co-Founder', 'Acoustical Engineer']",https://www.linkedin.com/in/matt-loszak,0,3,3,1,0,1,1,3,[1 0 0 1 0 0 0 1 0 0 1 0 0 0 0 1 1 0 0 0 0 0 1 0 0 1]
David Hsu,University of Oxford,,Retool,"Founder, CEO",[],[],https://www.linkedin.com/in/dvdhsu,0,1,1,2,0,1,1,1,[0 1 0 1 0 0 0 1 0 0 1 0 0 1 0 0 1 0 0 0 1 0 0 1 0 0]
Nikolai Eroshenko,Virginia Commonwealth University,,HelixNano,Co-Founder and CSO,['Harvard Medical School'],['Postdoctoral Research Associate'],https://www.linkedin.com/in/nikolai-eroshenko,0,0,1,1,0,1,1,1,[1 0 0 1 0 0 0 1 0 0 1 0 0 1 0 0 1 0 0 0 1 0 0 1 0 0]
Hannu Rajaniemi,,,Helix Nanotechnologies,Co-Founder and CEO ,"['Singularity University', 'ThinkTank Maths Ltd.', 'Edinburgh University', 'Oulun yliopisto', 'Finnish Defence Forces Technical Research Centre, Electronics and Information Technology Division', 'VTT Electronics']","['Student', 'Co-founder', 'Postgraduate tutor', 'Research Assistant', 'Research scientist', 'Research intern']",https://www.linkedin.com/in/hannur,0,3,3,1,0,1,1,1,[1 0 0 1 0 0 0 1 0 0 1 0 0 1 0 0 1 0 0 0 0 0 1 0 0 1]
Evgeny Kurishev,,National Research Nuclear University MEPhI (Moscow Engineering Physics Institute),Mirror AI Inc,"Co-Founder, CEO","['Ostrovok.ru', 'Ostrovok.ru', 'Yandex', 'FrontRange Solutions']","['Chief Marketing Officer', 'Chief Technology Officer', 'Web developer', 'Web developer']",https://www.linkedin.com/in/evgenyq,0,1,3,1,1,1,1,1,[1 0 0 0 1 0 0 1 0 0 1 0 0 1 0 0 1 0 0 0 1 0 0 0 0 1]
Sneha Sheth,The University of Texas at Austin,"University of California, Berkeley, Haas School of Business",Dost Education,CEO / Co-founder,"['Dalberg Global Development Advisors', 'The Achievement Network', 'Education Pioneers', 'Oliver Wyman', 'Teach For India']","['Senior Consultant', 'Special Projects for the CEO', 'Analyst Fellow', 'Senior Consultant', 'Non-profit Fellow, Oliver Wyman']",https://www.linkedin.com/in/snehaksheth,0,3,3,1,1,1,2,1,[1 0 0 0 1 0 0 1 0 0 0 1 0 1 0 0 1 0 0 0 0 0 1 0 0 1]
Alex Cyriac,UC Santa Barbara,,"Lively, Inc.",Cofounder & CEO,"['Justworks', 'WorldPay', 'GlobalCollect', 'GlobalCollect', 'Fujitsu']","['Head of Operations', 'Vice President Business Development', 'Business Development Manager', 'Implementation Manager', 'Systems Programmer']",https://www.linkedin.com/in/alex-cyriac-1218137,0,1,3,1,0,1,2,1,[1 0 0 1 0 0 0 1 0 0 0 1 0 1 0 0 1 0 0 0 1 0 0 0 0 1]
ryan P.,UC Santa Barbara,,indee labs,CEO,"['Inogen', 'UC Santa Barbara, Mechanical Engineering']","['reseach engineer intern', 'teaching assistant']",https://www.linkedin.com/in/rpawell,0,0,1,1,0,1,1,3,[1 0 0 1 0 0 0 1 0 0 1 0 0 0 0 1 1 0 0 0 1 0 0 1 0 0]
Shubhendu Sharma,,,"Wifi Dabba, Inc.",Founder,"['Sk Access Pvt Ltd', 'Tofu Technology Pvt Ltd.', 'Centre for Innovation Incubation and Entrepreneurship, IIMA', 'Legwork Labs LLP', 'Mahindra British Telecom']","['Director of Products', 'Co Founder', 'Program Evangelist', 'Founder', 'Software Engineer']",https://www.linkedin.com/in/shubhendusharma,0,2,2,1,0,1,2,3,[1 0 0 1 0 0 0 1 0 0 0 1 0 0 0 1 1 0 0 0 0 1 0 0 1 0]
Liza Velarde,Babson College,,Delee ,"Co-Founder, Director & CEO","['Zen Fluidics', 'Incubadora de Empresas ITESM, Monterrey, N.L., México']","['Business Office Manager', 'Counselor of Microbusiness']",https://www.linkedin.com/in/lizavelarde,0,3,3,1,0,1,1,1,[1 0 0 1 0 0 0 1 0 0 1 0 0 1 0 0 1 0 0 0 0 0 1 0 0 1]
Alejandro Abarca Blanco,,Tecnológico de Monterrey,Delee Corp,Director of Engineering,"['Zen Fluidics', 'Iluminatronics']","['Senior Software and Hardware Engineer', 'Hardware and Software Engineer']",https://www.linkedin.com/in/alejandroabarca,0,3,3,1,1,1,2,3,[1 0 0 0 1 0 0 1 0 0 0 1 0 0 0 1 1 0 0 0 0 0 1 0 0 1]
Juan Felipe Yee,Y Combinator,Tecnológico de Monterrey,Delee Corp,"Co-Founder, CMO, and Director","['Zen Fluidics', 'Tecnológico de Monterrey']","['Biomedical Research Scientist ', 'Research Assistant ']",https://www.linkedin.com/in/juan-felipe-yee-55107a5b,0,1,2,1,1,1,1,1,[1 0 0 0 1 0 0 1 0 0 1 0 0 1 0 0 1 0 0 0 1 0 0 0 1 0]
Sarthak Jain,Indian Institute of Technology Gandhinagar ,,Nanonets,CEO,"['Myntra', 'Cubeit.io (acquired by Myntra)', 'The Johns Hopkins University', 'Hewlett Packard Enterprise']","['Senior Product Manager', 'CEO', 'Research Intern', 'Research Intern']",https://www.linkedin.com/in/jainsarthak,1,3,3,1,0,1,2,3,[1 0 0 1 0 0 0 1 0 0 0 1 0 0 0 1 0 1 0 0 0 0 1 0 0 1]
Prathamesh Juvatkar,,,Nanonets,Founder,"['Myntra', 'Cubeit (Acquired by Myntra)', 'GridAnts', 'Caltech', 'Marvell India Private Limited, Bangalore']","['Tech Lead', 'Founder', 'Founder', 'Summer Undergraduate research Fellow', 'Research Intern']",https://www.linkedin.com/in/prathameshjuvatkar,1,3,3,1,0,1,1,1,[1 0 0 1 0 0 0 1 0 0 1 0 0 1 0 0 0 1 0 0 0 0 1 0 0 1]
Oliver Armitage,,University of Cambridge,BIOS,Co-Founder & Chief Scientific Officer,"['University of Cambridge', 'McGill University', 'GE Global Research']","['PHD Student', 'Visiting Graduate Researcher', 'Research Intern']",https://www.linkedin.com/in/oliverarmitage,0,1,1,1,3,1,1,1,[1 0 0 0 0 0 1 1 0 0 1 0 0 1 0 0 1 0 0 0 1 0 0 1 0 0]
Emil Hewage,University of Cambridge,,BIOS,CEO & Co-Founder,"['University of Cambridge', 'Cambridge University Eco Racing', 'McKinsey & Company', 'McLaren Racing', 'Siemens AG', 'The Blackstone Group']","['Doctoral Researcher', 'Team Manager & Advisory Board Member', 'Advanced Professional Degree Insight Programme', 'Masters Student', 'R&D Engineer & Sponsored Student, MRI Magnet Division', 'Corporate Advisory, Summer Analyst']",https://www.linkedin.com/in/ehewage,0,0,2,1,0,1,1,3,[1 0 0 1 0 0 0 1 0 0 1 0 0 0 0 1 1 0 0 0 1 0 0 0 1 0]
Pelumi Aboluwarin,Obafemi Awolowo University,University of Bristol,Nomba,Co-Founder & CTO ,"['Nexmo (Acquired by Vonage)', 'Appsme.com', 'EF', 'QwikGist.com', 'PriceCheck (Naspers)', 'Saya Mobile (Acquired by Kirusa Inc.)', 'Jumia Nigeria', 'Terragon Limited', 'Pace Solutions Ltd.']","['Software Engineer', 'Backend Engineer', 'Tech Entrepreneur', 'Co-Founder & Lead Dev.', 'Software Developer', 'Mobile Developer (Part-time)', 'Web Developer', 'Software Engineer', 'Software Engineer (Part-time)']",https://www.linkedin.com/in/pelumiaboluwarin,2,3,3,1,1,1,1,3,[1 0 0 0 1 0 0 1 0 0 1 0 0 0 0 1 0 0 1 0 0 0 1 0 0 1]
Kevin Han,,,AON3D,Co-Founder,"['McGill University', 'CNRL', 'ZnCor', 'Syncrude Canada Ltd.', 'McGill University', 'Private Studio', 'Grouse Mountain']","['Researcher, Additive Manufacturing', 'Metallurgical Engineer, Major Projects', 'Business Development', 'Forensic Materials Engineer', 'Research Assistant, Computational Thermodynamics', 'Piano Instructor', 'Ski Instructor']",https://www.linkedin.com/in/hankevin,0,0,1,1,0,1,1,3,[1 0 0 1 0 0 0 1 0 0 1 0 0 0 0 1 1 0 0 0 1 0 0 1 0 0]
Randeep Singh,McGill University,,AON3D,"Co-Founder, CEO","['Kreate Solutions Inc.', 'ME Resource Corp. | CNSX:MEC', 'Wildcard', 'The Alacrity Foundation']","['Co-Founder', 'Research Intern', 'Co-Founder', 'Intern']",https://www.linkedin.com/in/rndeep,0,3,3,1,0,1,1,1,[1 0 0 1 0 0 0 1 0 0 1 0 0 1 0 0 1 0 0 0 0 0 1 0 0 1]
Andrew Walker,McGill University,,AON3D,Co-Founder - Director of Research and Development ,"['Sherritt International', 'Xstrata Zinc']","['Process Development Engineer (Coop)', 'Metallurgical Engineer (Coop)']",https://www.linkedin.com/in/andrewrswalker,0,0,1,1,0,1,1,3,[1 0 0 1 0 0 0 1 0 0 1 0 0 0 0 1 1 0 0 0 1 0 0 1 0 0]
Erhan Justice,,,Apozy,Founder & CTO (YCW17),"['LitePoint', 'Bounty Technologies, Inc.', 'Arrow International']","['Platform Engineer (acquired by Teradyne)', 'Owner', 'Systems Analyst']",https://www.linkedin.com/in/erhan-justice,0,1,2,1,0,1,1,3,[1 0 0 1 0 0 0 1 0 0 1 0 0 0 0 1 1 0 0 0 1 0 0 0 1 0]
Matthew Mayaki,"Obafemi Awolowo University,Ile-Ife",,Reliance Health,VP Engineering,"['Kangpe Healthcare Services', 'Webometrics Unit, Obafemi Awolowo University.']","['Software Engineer', 'Software Engineer']",https://www.linkedin.com/in/matthew-mayaki,0,3,3,1,0,1,1,3,[1 0 0 1 0 0 0 1 0 0 1 0 0 0 0 1 1 0 0 0 0 0 1 0 0 1]
Femi Kuti,,,Reliance Health,CEO/Cofounder,"['Kangpe Inc. (YC W17)', 'Department of State Services (National Youth Service Corps)', 'Goldman Sachs', 'Goldman Sachs', 'University College Hospital, Ibadan']","['CEO/Cofounder', 'National Youth Service Corps Medical Officer', 'Investment Banking Analyst (Healthcare)', 'Investment Banking Summer Analyst', 'Medical Intern']",https://www.linkedin.com/in/femikuti,0,3,3,1,0,1,1,1,[1 0 0 1 0 0 0 1 0 0 1 0 0 1 0 0 1 0 0 0 0 0 1 0 0 1]
Gonzalo Ucar,,,Endeavor,Endeavor Entrepreneur,"['Vosavos', 'McKinsey & Company', '3P Biopharmaceuticals', 'University of Rhode Island']","['Co-founder & COO', 'Business Analyst', 'Cell Therapy Trainee', 'Summer Intern']",https://www.linkedin.com/in/gonzalo-ucar-rodriguez,0,3,3,1,0,1,1,1,[1 0 0 1 0 0 0 1 0 0 1 0 0 1 0 0 1 0 0 0 0 0 1 0 0 1]
Viktor Benei,,Budapest University of Technology and Economics,Bitrise,CTO and Co-founder,"['Bitfall Kft.', 'Canecom', 'DesignSoft', 'MoonlightStudio']","['CTO and Co-founder', 'iOS Programmer', '3D (C++, Ogre; C#, .Net) Programmer', '3D (C++) Programmer']",https://www.linkedin.com/in/viktorbenei,0,3,3,1,1,1,1,1,[1 0 0 0 1 0 0 1 0 0 1 0 0 1 0 0 1 0 0 0 0 0 1 0 0 1]
Daniel Balla,Moholy-Nagy University of Art and Design,,Bitrise,Chief Product Officer,"['Bitrise', 'Bitfall Ltd.']","['CCO & Co-founder', 'Graphic designer']",https://www.linkedin.com/in/balladaniel,0,3,3,1,0,1,1,1,[1 0 0 1 0 0 0 1 0 0 1 0 0 1 0 0 1 0 0 0 0 0 1 0 0 1]
Barnabás Birmacher,,,Bitrise,CEO,"['Bitfall Ltd.', 'Canecom']","['CEO', 'iOS Programmer']",https://www.linkedin.com/in/birmacher,0,3,3,1,0,1,1,1,[1 0 0 1 0 0 0 1 0 0 1 0 0 1 0 0 1 0 0 0 0 0 1 0 0 1]
Sean Hunt,University of Delaware,Massachusetts Institute of Technology,Solugen,CTO,"['MIT', 'University of Delaware', 'Merck', 'Naval Sea Systems Command (NAVSEA)']","['Graduate Student', 'Chemical Engineering/Chemistry Student', 'Engineering and Technology Fellow (Intern)', 'Engineering Intern']",https://www.linkedin.com/in/huntsean,0,1,3,1,3,1,1,3,[1 0 0 0 0 0 1 1 0 0 1 0 0 0 0 1 1 0 0 0 1 0 0 0 0 1]
"Gaurab Chakrabarti, MD, PhD",Brown University,,Solugen,CEO/Co-Founder,['UT Southwestern Medical Center'],['MD/PhD '],https://www.linkedin.com/in/gaurabchakrabarti,0,3,3,1,0,1,1,1,[1 0 0 1 0 0 0 1 0 0 1 0 0 1 0 0 1 0 0 0 0 0 1 0 0 1]
Devang Shah,The Wharton School,,Bulk MRO,Founder,"['Digital Signage Networks', 'Citigroup', 'Deutsche Bank']","['Co Founder', 'Trader', 'Trader']",https://www.linkedin.com/in/devangvshah,0,1,2,1,0,1,1,1,[1 0 0 1 0 0 0 1 0 0 1 0 0 1 0 0 1 0 0 0 1 0 0 0 1 0]
Gaurang Shah,University of Pennsylvania,University of Pennsylvania,Bulk MRO,Co-Founder,"['Digital Signage Networks India Pvt. Ltd.', 'McKinsey and Company']","['CEO & Founder', 'Business Analyst']",https://www.linkedin.com/in/gaurangvshah,0,3,3,3,3,1,1,1,[0 0 1 0 0 0 1 1 0 0 1 0 0 1 0 0 1 0 0 0 0 0 1 0 0 1]
Marcus Engene,,,Manycore,CTO / Co-Founder,"['Pond5', 'Sespro AB', 'LM Ericsson AB']","['CTO / Co-founder', 'CTO / Co-founder', 'Programmer']",https://www.linkedin.com/in/ehsmeng,2,3,3,1,0,1,1,1,[1 0 0 1 0 0 0 1 0 0 1 0 0 1 0 0 0 0 1 0 0 0 1 0 0 1]
Nicolas Toper,Lycee Victor Duruy,Conservatoire National des Arts et Métiers,Inboxbooster,Co-Founder,"['CritSend', 'Pilo.cool', 'SmApper Technologies', 'Buongiorno', 'Okaré']","['Founder and CEO', 'Founder and Owner', 'Software Engineer', 'Project Manager', 'CEO and Founder']",https://www.linkedin.com/in/nicolas,1,3,3,1,1,1,1,3,[1 0 0 0 1 0 0 1 0 0 1 0 0 0 0 1 0 1 0 0 0 0 1 0 0 1]
Aschkan Abdul-Malek,Vanderbilt University - Owen Graduate School of Management,Vanderbilt University - Owen Graduate School of Management,AlemHealth,Founder,"['Altai Consulting', 'Heartland Alliance - International Programmes', 'Merrill Advisory Group', 'Corporate Executive Board', 'Harpeth Capital']","['Director', 'Director of Finance and Operations', 'Vice President', 'Management Consultant', 'Investment Banking Associate']",https://www.linkedin.com/in/aschkan,0,3,3,1,1,1,2,1,[1 0 0 0 1 0 0 1 0 0 0 1 0 1 0 0 1 0 0 0 0 0 1 0 0 1]
"Levon Brutyan, J.D., M.B.A",,Hult International Business School,Collectly,CEO & Co-Founder,"['Hult International Business School', 'Creditreform', 'Creditreform', 'Schulze, Brutyan and partners', 'DaimlerChrysler RUS', 'Schulze, Brutyan and partners']","['MBA Candidate', 'Regional Manager CIS & Eastern Europe', 'Head of Receivables Management', 'Lawyer', 'Project manager', 'Junior Lawyer']",https://www.linkedin.com/in/levonbrutyan,0,1,3,1,1,1,2,1,[1 0 0 0 1 0 0 1 0 0 0 1 0 1 0 0 1 0 0 0 1 0 0 0 0 1]
Akin J.,Howard University,,Aella,Founder & Group CEO,[],[],https://www.linkedin.com/in/akin-j-65b89ba,0,1,1,1,0,1,1,1,[1 0 0 1 0 0 0 1 0 0 1 0 0 1 0 0 1 0 0 0 1 0 0 1 0 0]
Jeffrey Engler,Harvard Business School,Harvard Business School,Wright Electric,CEO,"['Harvard University', 'Rock Health', 'Podimetrics', 'Rock Health', 'MatchLend', 'mChek', 'Unitus', 'Lehman Brothers']","['Blavatnik Fellow', 'Entrepreneur in Residence', 'Co-Founder', 'Rock Health Fellow', 'Founder and CEO', 'Business Development Intern', 'Business Development Associate', 'Investment Banking Analyst, Global Industrials']",https://www.linkedin.com/in/jeffengler,0,3,3,1,1,1,1,1,[1 0 0 0 1 0 0 1 0 0 1 0 0 1 0 0 1 0 0 0 0 0 1 0 0 1]
Doug Griswold,The University of Kansas,The University of Kansas,Wright Aircraft Inc.,Co-Founder and Program Manager,"['Cirrus Aircraft Company', 'Larsen & Toubro Limited', 'TechSolve', 'Hawker Beechcraft', 'Cessna Aircraft Company', 'Questair, Inc.', 'General Dynamics - Fort Worth Division']","['VP SF50 Program Manager', 'Program Manager', 'Consultant', 'Director - Project Engineering', 'Senior Program Manager', 'VP - Engineering', 'Senior Engineer']",https://www.linkedin.com/in/doug-griswold-96312212,0,3,3,1,1,1,3,3,[1 0 0 0 1 0 0 1 0 0 0 0 1 0 0 1 1 0 0 0 0 0 1 0 0 1]
Dmitry Birulia,Belarusian State University,Belarusian State University,Veryfi,Cofounder,"['Quotient Technology Inc.', 'Quotient Technology Inc.', 'Quotient Technology Inc.', 'Hypersoft']","['Sr Engineering Manager', 'Engineering Manager', 'Sr Software Engineer', 'Software Developer']",https://www.linkedin.com/in/birulia,0,3,3,1,1,1,1,3,[1 0 0 0 1 0 0 1 0 0 1 0 0 0 0 1 1 0 0 0 0 0 1 0 0 1]
★ Ernest S.,UNSW,Y Combinator,Veryfi,Cofounder,"['VectorCare Inc.', 'Hacker Dojo', 'Coupons Inc. (Quotient Technology Inc. (NYSE: QUOT))', 'Couponstar Ltd (acquired by Quotient Technology Inc. (NYSE: QUOT))', 'Purpleblue Pty Ltd', 'AMP (Web Management and Marketing) (ASX: AMP)', 'AMP (IT - Corporate Architecture) (ASX: AMP)']","['CTO/Co-Founder', 'Member', 'Head of International Engineering', 'CTO', 'Founder', 'Web Operations Technical Specialist', 'eBusiness Architect']",https://www.linkedin.com/in/semerda,1,3,3,1,1,1,2,3,[1 0 0 0 1 0 0 1 0 0 0 1 0 0 0 1 0 1 0 0 0 0 1 0 0 1]
Matt Schiller,UNSW,,Snappr Inc.,"Founder, CEO","['GownTown Pty Ltd', 'McKinsey & Company', 'University of New South Wales', 'New College Village', 'Department of Neurosurgery, Prince of Wales Hospital', 'Various wine companies, including Cellar Door Direct and Cellar Force', 'New College, UNSW']","['Co-founder and CEO', 'Consultant', 'Casual Academic', 'Assistant Dean', 'Researcher', 'Wine Advisor and Winery Representative', 'Resident Tutor of Medicine']",https://www.linkedin.com/in/mdschiller,1,3,3,1,0,1,1,1,[1 0 0 1 0 0 0 1 0 0 1 0 0 1 0 0 0 1 0 0 0 0 1 0 0 1]
Vikesh Khanna,,Stanford University,Ambient.ai,CTO & Co-founder,"['Dropbox', 'Stanford University', 'LinkedIn', 'Stanford University', 'Microsoft Corporation', 'Entrepreneurship Development Cell, IIT Roorkee', 'zigndog']","['Software Engineer', 'Taught Applied Machine Learning', 'Software Engineering Intern', 'Research Assistant', 'Software Development Engineer (SDE)', 'Tech lead', 'Co-founder']",https://www.linkedin.com/in/vikesh-khanna-27184722,0,1,3,1,1,1,1,3,[1 0 0 0 1 0 0 1 0 0 1 0 0 0 0 1 1 0 0 0 1 0 0 0 0 1]
Shikhar Shrestha,IIT Bhubaneswar,Stanford University,Ambient.ai,CEO & Co-founder,"['Google', 'Stanford Computational Imaging Lab (SCI)', 'Neural Prosthetic Systems Lab (NPSL)', 'DFJ', 'Apple', 'WMG, University of Warwick']","['Systems Engineer for Tango/Daydream ', 'Lead Systems Engineer', 'Research Assistant for DARPA NeuroFAST', 'Entrepreneurial Leadership Fellow', 'iPhone/Watch Special Projects', 'Summer Research Fellow']",https://www.linkedin.com/in/shikharshrestha,0,3,3,1,1,2,1,3,[1 0 0 0 1 0 0 0 1 0 1 0 0 0 0 1 1 0 0 0 0 0 1 0 0 1]
Ryan Bednar,Rutgers University,,RankScience,Founder,"['7 Cups of Tea', 'Tutorspree', 'SeatGeek']","['Director of Growth', 'Co-founder, Product & Engineering', 'Web Developer']",https://www.linkedin.com/in/ryan-bednar-9520853,0,3,3,1,0,1,2,3,[1 0 0 1 0 0 0 1 0 0 0 1 0 0 0 1 1 0 0 0 0 0 1 0 0 1]
Samuel Devyver,Regent's University London,,Upcall,Co-founder ,"['Jamendo', 'PromoCity (acquired)', 'Skilto', 'Emakina', 'Bloomberg', 'Bloomberg', 'The Leading Hotels of the World', ""L'Oreal""]","['General Manager', 'Co-founder & CEO', 'Co-founder & CEO', 'Project Manager', 'Business Development Manager Israel & Emerging Markets', 'Business Development Manager France', 'Corporate Sales Intern', 'Marketing Intern']",https://www.linkedin.com/in/samueldevyver,1,3,3,1,0,1,1,1,[1 0 0 1 0 0 0 1 0 0 1 0 0 1 0 0 0 1 0 0 0 0 1 0 0 1]
Julien Brissonneau,,HEC Paris,Ledger Investing,Co-Founder,"['Y Combinator', 'Thales Group', 'Crédit Agricole Corporate and Investment Bank', 'Laser Based Diagnostics Laboratory, Univ. of Florida']","['Alumnus', 'Bid Manager', 'FX Structuring', 'Research Assistant (RA) Mechanical & Aerospace']",https://www.linkedin.com/in/julienbrissonneau,0,3,3,1,1,1,1,1,[1 0 0 0 1 0 0 1 0 0 1 0 0 1 0 0 1 0 0 0 0 0 1 0 0 1]
Aymeric Rabot,,University of Florida,Ledger Investing,"Co-Founder, CTO","['Y Combinator', 'Thales']","['Alumnus', 'Software Engineer']",https://www.linkedin.com/in/aymericrabot,0,3,3,1,1,1,1,3,[1 0 0 0 1 0 0 1 0 0 1 0 0 0 0 1 1 0 0 0 0 0 1 0 0 1]
Samir Shah,Northwestern University,Northwestern University,Ledger Investing,CEO,"['AIG', 'AIG', 'AIG', 'Validus Holdings Ltd.', 'Scottish Re Group Ltd.', 'Towers Watson']","['SVP & Head of Insurance Capital Markets', 'SVP & Chief Reinsurance Officer', 'SVP & Chief Risk Officer', 'Group Chief Risk Officer', 'Executive Vice President & Chief Risk Officer', 'Principal']",https://www.linkedin.com/in/samir-shah-7410649,0,1,2,1,1,1,3,1,[1 0 0 0 1 0 0 1 0 0 0 0 1 1 0 0 1 0 0 0 1 0 0 0 1 0]
Keenan D. Williams,Y Combinator,,REZI,"Co-Founder, President & Head Of CRE","['Auction.com', 'Torchlight Investors', 'CBRE', 'CB Richard Ellis', 'Barclays Capital', 'JPMorgan Chase', 'Northern Trust']","['AVP & Regional Sales Lead - Commercial Real Estate Group', 'Loan Origination and Acquisitions Associate', 'Financial Analyst - Debt & Equity Finance Group', 'Wheel Program Associate', 'Summer Analyst, Credit Sales', 'Summer Analyst, FX Sales / Equity Sales', 'Summer Analyst, Fixed Income Sales']",https://www.linkedin.com/in/keenan-d-williams-4a4a08b,0,1,2,1,0,1,3,1,[1 0 0 1 0 0 0 1 0 0 0 0 1 1 0 0 1 0 0 0 1 0 0 0 1 0]
Sean Mitchell,Florida Agricultural and Mechanical University,,REZI,"Co-Founder, Chairman & CEO","['Corbin Capital Partners', 'JP Morgan']","['Senior Research Analyst', 'Fixed Income Trader']",https://www.linkedin.com/in/seanfmitchell,0,0,1,1,0,1,2,1,[1 0 0 1 0 0 0 1 0 0 0 1 0 1 0 0 1 0 0 0 1 0 0 1 0 0]
Harsh Yadav,,Rutgers University,Rezi.co,Co-Founder & CTO at REZI,"['Torrential Inc', 'Torrential Inc', 'Consumer Reports', 'Consumer Reports', 'Consumer Reports', 'SC&I, Rutgers University, New Brunswick', 'Rutgers University', 'BBE, New York', 'Campus Information Services, Rutgers University, New Brunswick, NJ', 'Ericsson India Pvt. Ltd, Gurgaon, India', 'R&D, Broadcasting Corporation of India, New Delhi, India']","['Director/VP of Engineering', 'Senior Software Enginner', 'Senior Software Engineer', 'Software Engineer', 'Database Developer', 'Application and Database Developer', 'Research Assistant', 'Software Engineer Intern', 'Technology Analyst', 'Intern', 'Intern']",https://www.linkedin.com/in/yadav-harsh,0,1,2,1,1,1,3,3,[1 0 0 0 1 0 0 1 0 0 0 0 1 0 0 1 1 0 0 0 1 0 0 0 1 0]
Yoram Harth MD,,,MDalgorithms,"Cofounder, Chief Medical Officer","['EndyMed Medical Ltd.', 'CureLight']","['Cofounder, Chief Medical Officer', 'Cofounder, Chief Medical Officer']",https://www.linkedin.com/in/yoram-harth-md-5413461,0,3,3,1,0,1,1,1,[1 0 0 1 0 0 0 1 0 0 1 0 0 1 0 0 1 0 0 0 0 0 1 0 0 1]
Oded Harth,,,MDalgorithms,CEO,"['Opinya', 'Israeli Military Intelligence - Unit 8200', 'Freelance (Self employed)']","['Ruby on Rails Engineer', 'Big Data Analyst Researcher', 'Ruby on Rails Engineer']",https://www.linkedin.com/in/odedharth,0,3,3,1,0,1,1,3,[1 0 0 1 0 0 0 1 0 0 1 0 0 0 0 1 1 0 0 0 0 0 1 0 0 1]
Michael Wasser,University of Maryland,,BloomAPI,Chief Executive Officer,"['Healthcare Technology Services', 'HealthSherpa', 'Apptio', 'Raveld', 'ElasticBox', 'DynamicOps', 'Microsoft']","['Chief Executive Officer', 'Co-Founder', 'Cloud Architect', 'Chief Executive Officer', 'Chief Operating Officer', 'Software Developer / Architect', 'Program Manager']",https://www.linkedin.com/in/michaelwasser,0,3,3,2,0,1,3,1,[0 1 0 1 0 0 0 1 0 0 0 0 1 1 0 0 1 0 0 0 0 0 1 0 0 1]
Heather Milone,University of South Florida,,Accelerator Coaching,Business Development Consultant,"['BloomText', 'Prolifics', 'Prolifics', 'Prolifics']","['EVP of Business Development & Partner    (YCombinator W17)', 'Account Executive', 'Inside Sales Manager', 'Business Development Manager']",https://www.linkedin.com/in/heathermilone,0,1,2,1,0,1,3,1,[1 0 0 1 0 0 0 1 0 0 0 0 1 1 0 0 1 0 0 0 1 0 0 0 1 0]
Whitney Gaynor,,,Sinovia Technologies,"President, Co-Founder","['Nanosys', 'Stanford University', 'Stanford University', 'Massachusetts Institute of Technology', 'Massachusetts Institute of Technology', 'Nanomix']","['Optics Engineer', 'Ph. D. Candidate, Peumans Research Group', 'Teaching Assistant, Department of Materials Science and Engineering', 'Undergraduate Researcher, Rubner Group, Center for Materials Science and Engineering', 'Tutor, Introduction to Materials Science and Engineering', 'Summer Research Intern']",https://www.linkedin.com/in/whitney-gaynor-72015031,0,1,2,1,0,1,1,3,[1 0 0 1 0 0 0 1 0 0 1 0 0 0 0 1 1 0 0 0 1 0 0 0 1 0]
George Burkhard,Yale University,,Sinovia Technologies,CTO,"['McGehee Lab, Stanford', 'ASC 2003/NASC 2005']","['Graduate Student', 'Yale Solar Car']",https://www.linkedin.com/in/george-burkhard-a396022,0,0,1,1,0,1,1,1,[1 0 0 1 0 0 0 1 0 0 1 0 0 1 0 0 1 0 0 0 1 0 0 1 0 0]
Connor Zwick,,,Speak,CEO,"['Chegg Inc.', 'coco controller', 'Flashcards+ (acquired by Chegg)', 'Envato']","['Advisor', 'CEO', 'Founder/CEO', 'Freelance Blogger']",https://www.linkedin.com/in/connorzwick,1,3,3,1,0,1,1,1,[1 0 0 1 0 0 0 1 0 0 1 0 0 1 0 0 0 1 0 0 0 0 1 0 0 1]
Andrew Hsu,University of Washington,Stanford University,Speak,Cofounder & CTO,"['Thiel Fellowship', 'Stanford University']","['Thiel Fellow', 'Neuroscience PhD program']",https://www.linkedin.com/in/adhsu,0,1,1,2,1,1,1,1,[0 1 0 0 1 0 0 1 0 0 1 0 0 1 0 0 1 0 0 0 1 0 0 1 0 0]
Ifeanyi okonkwo,,,TIZETI Inc.,Co-Founder & Chief Operating Officer ,"['BlackBerry', 'TertiaryDNS Limited', 'Vertex Data Science', 'eircom']","['Training Manager (West Africa)', 'Training Executive', 'Customer Service Advisor (Supervisor)', 'Customer Support/Product Training']",https://www.linkedin.com/in/ifeanyi-okonkwo-a5005429,0,1,2,1,0,1,3,3,[1 0 0 1 0 0 0 1 0 0 0 0 1 0 0 1 1 0 0 0 1 0 0 0 1 0]
Natalie Abeysena,Western University,Harvard Graduate School of Education,ScopeAI,Co-Founder  & CEO,"['Google', 'ALLVP | Antoni & Lelo de Larrea Venture Partners', 'Intel Education', 'Western University', 'CAST- Center for Applied Special Technology', 'Western University']","['UX Researcher', 'Graduate Research Intern', 'Strategy & Product Development Intern', 'Research Analyst', 'Research Scientist Intern', 'Research Assistant']",https://www.linkedin.com/in/natalieabeysena,0,3,3,1,1,2,1,3,[1 0 0 0 1 0 0 0 1 0 1 0 0 0 0 1 1 0 0 0 0 0 1 0 0 1]
Luciano Arango,,,ScopeAI,Co-Founder & CTO,"['LinkedIn', 'Harvard University', 'CODE2040', 'Kleiner Perkins Caufield & Byers', 'Harvard School of Engineering and Applied Sciences', 'Harvard University Extension School']","['Software Engineer', 'Teaching Fellow CS50', '2015 CODE2040 Fellow', '2015 KPCB Engineering Fellow', 'Teaching Fellow for CS 171', 'Teaching Fellow CS50 edx']",https://www.linkedin.com/in/whosluciano,0,3,3,1,0,1,1,3,[1 0 0 1 0 0 0 1 0 0 1 0 0 0 0 1 1 0 0 0 0 0 1 0 0 1]
Hadar Weiss,Tel Aviv University,,Peer5,Co-Founder and CEO,"['Office of the Prime Minister of Israel', 'Office of the Prime Minister of Israel', 'Tel Aviv University', 'Neocleus (acquired by Intel)', 'Simigon', 'Israeli Defense Forces']","['Cyber Security Manager', 'Software Engineer', 'Student, B.Sc', 'Linux System Developer', 'Software Developer', 'Softwar Developer']",https://www.linkedin.com/in/whadar,0,1,2,3,0,1,1,3,[0 0 1 1 0 0 0 1 0 0 1 0 0 0 0 1 1 0 0 0 1 0 0 0 1 0]
Shachar Zohar,,,Peer5,Co-Founder and CTO,"['Small World Analytics', 'idf', 'HIT Research', 'HIT Research']","['Algorithm engineer', 'project manager', 'Researcher', 'Research engineer']",https://www.linkedin.com/in/shachar-zohar-2356a72,0,1,2,1,0,1,1,3,[1 0 0 1 0 0 0 1 0 0 1 0 0 0 0 1 1 0 0 0 1 0 0 0 1 0]
Chhay Chhun,Harvard University,,KidPass,Co-Founder and Chief Technology Officer,"['The Economist', 'Time Out New York', 'Forbes Media LLC', 'Harvard University']","['Senior Developer & Core Committer', 'Drupal Developer', 'Head of Business Systems', 'Digital Media and Website Coordinator']",https://www.linkedin.com/in/chhay,2,3,3,1,0,1,2,1,[1 0 0 1 0 0 0 1 0 0 0 1 0 1 0 0 0 0 1 0 0 0 1 0 0 1]
Aaron Kaufman,NYU Stern School of Business,NYU Stern School of Business,KidPass,Co-Founder and CFO / COO ,"['Shazam Entertainment', 'StrikeAd', 'Clickable', 'Security Growth Partners LCC', 'The Nielsen Company']","['Finance + Sales & Business Operations Lead', 'Finance and Operations', 'Business Operations and Sales Strategy', 'Associate - Venture Capital', 'Data and Research Analyst']",https://www.linkedin.com/in/aaronkaufman2,0,1,3,1,1,1,1,1,[1 0 0 0 1 0 0 1 0 0 1 0 0 1 0 0 1 0 0 0 1 0 0 0 0 1]
Solomon Liou,The Wharton School,The Wharton School,KidPass,Co-Founder & CEO,"['Parke New York', 'Clickable', 'Venture Capital', 'Harvard Club of Silicon Valley', 'Yahoo! HotJobs', 'eLife Technologies', 'Goldman Sachs']","['Founder', 'Vice President, Product', 'Various Roles', 'President', 'Product Manager', 'Co-Founder', 'Analyst']",https://www.linkedin.com/in/solomonliou,0,3,3,1,1,1,2,3,[1 0 0 0 1 0 0 1 0 0 0 1 0 0 0 1 1 0 0 0 0 0 1 0 0 1]
Akshay Lal,"Indian Institute of Technology, Kharagpur",,Playment,Co-Founder,"['Flipkart', 'GE']","['Product', 'Intern']",https://www.linkedin.com/in/akshaykumarlal,2,3,3,1,0,1,1,3,[1 0 0 1 0 0 0 1 0 0 1 0 0 0 0 1 0 0 1 0 0 0 1 0 0 1]
Ajinkya Malasane,"Indian Institute of Technology, Guwahati",,Playment,Co-Founder & Head of Business,"['Flipkart', 'Flipkart.com', 'Friedrich Miescher Laboratory of the Max Planck Society']","['Product', 'Category Business Analyst', 'Research Associate']",https://www.linkedin.com/in/ajinkya-malasane,0,3,3,1,0,1,1,3,[1 0 0 1 0 0 0 1 0 0 1 0 0 0 0 1 1 0 0 0 0 0 1 0 0 1]
Siddharth Mall,"Indian Institute of Technology, Kharagpur",,Playment,Cofounder | CEO,"['Flipkart', 'Flipkart']","['Senior Business Analyst, Product Management', 'Category Analyst, Business Development (Mobiles & Tablets, Marketplace)']",https://www.linkedin.com/in/siddharthmall05,0,1,3,1,0,1,2,3,[1 0 0 1 0 0 0 1 0 0 0 1 0 0 0 1 1 0 0 0 1 0 0 0 0 1]
Aziz JAOUHARI,,,WaystoCap (Acquired),CTO & Co-Founder (YC W17),"['Rocket Internet SE', 'Rocket Internet SE', 'Rocket Internet SE', 'Rocket Internet AG']","['Head of Marketplaces - Africa', 'Business Analyst / PO / BO - Africa', 'Head of Content, Production, Design - Africa', 'Head of Content, Production, Design - North Africa']",https://www.linkedin.com/in/medaziz,0,0,2,1,0,1,2,3,[1 0 0 1 0 0 0 1 0 0 0 1 0 0 0 1 1 0 0 0 1 0 0 0 1 0]
Anis Abdeddine,,Groupe IEA -,WaystoCap,CSO & Founder Backed by YC and others. World Economic Forum technology pioneer,['Banque Centrale Populaire - BCP'],"['Senior Manager, Business Developer Africa']",https://www.linkedin.com/in/anis-abdeddine-a9ab74113,0,3,2,1,1,1,2,1,[1 0 0 0 1 0 0 1 0 0 0 1 0 1 0 0 1 0 0 0 0 0 1 0 1 0]
"Niama El Bassunie, CFA",The University of Sheffield,The London School of Economics and Political Science (LSE),WaystoCap (Acquired),CEO & Founder,"['Guinea Invest', 'PricewaterhouseCoopers', 'PricewaterhouseCoopers']","['Investment Advisory.', 'Senior Associate', 'Associate']",https://www.linkedin.com/in/niama-el-bassunie-cfa-68821a9,2,3,3,1,1,1,2,1,[1 0 0 0 1 0 0 1 0 0 0 1 0 1 0 0 0 0 1 0 0 0 1 0 0 1]
Shreyas Nagdawane,,,SuprDaily,Founder,"['FunSnapper Photo Booth', 'ICICI Bank', 'iRunway India Private Limited']","['Co Founder', 'Manager, Corporate Banking', 'Associate']",https://www.linkedin.com/in/shreyasnag,0,3,3,1,0,1,1,1,[1 0 0 1 0 0 0 1 0 0 1 0 0 1 0 0 1 0 0 0 0 0 1 0 0 1]
Mitch Lee,Northwestern University,,Penny,"Co-founder, CEO","['Clinkle', 'Pebble Tech', 'Boeing']","['Software Engineer', 'Software Developer', 'Stress Analyst']",https://www.linkedin.com/in/mitchjlee,0,1,2,1,0,1,1,3,[1 0 0 1 0 0 0 1 0 0 1 0 0 0 0 1 1 0 0 0 1 0 0 0 1 0]
Isaac Mosquera,,George Mason University,Armory.io,Chief Technology Officer (Acquired),"['ShareThis', 'ShareThis', 'ShareThis', 'Socialize, Inc', 'AppMakr', 'PointAbout Inc.', 'FamilyOven.com', 'Future', 'XM Satellite Radio', 'World Data Inc.']","['SVP of Engineering', 'VP Engineering, Data & Insights', 'Director, Publisher and Consumer Products', 'CTO & Co-Founder (Acquired)', 'CTO & Co-Founder (Acquired) ', 'CTO & Co-Founder (Acquired)', 'CTO / Co-Founder (Acquired)', 'Engineering Manager, Applications & Technology', 'Software Architect', 'Software Engineer']",https://www.linkedin.com/in/isaacmosquera,3,3,3,1,1,1,3,3,[1 0 0 0 1 0 0 1 0 0 0 0 1 0 0 1 0 0 0 1 0 0 1 0 0 1]
Ben Mappen,University of North Carolina at Chapel Hill,,Armory,Chief Product Officer,"['ShareThis', 'LeanLaunchLab', 'Techcofounder.com (acquired by CoFoundersLab)', 'Cadreon', 'Adara', 'Digital Air Strike', 'Knight Ridder Digital', 'Hue Restaurant and Lounge']","['Sr Director of Product, Data and Growth Products', 'Founder and CEO', 'Founder and CEO', 'Sr Product Manager', 'Sr Product Manager', 'Program Manager', 'Software Engineer', 'Founder / Owner']",https://www.linkedin.com/in/bmappen,1,3,3,1,0,1,2,3,[1 0 0 1 0 0 0 1 0 0 0 1 0 0 0 1 0 1 0 0 0 0 1 0 0 1]
Ravi Balasubramanian,University of Pennsylvania,,Sandbox Banking,CEO and Co-founder,"['AlphaPack', 'Harvard Management Company', 'UBS Investment Bank', 'RBS Sempra Commodities', 'Barclays Capital', 'Lehman Brothers', 'Lehman Brothers']","['CEO & Co-Founder', 'Senior Associate, Commodities Internal Platform', 'FX Options Trader, G10 FX Derivatives', 'Associate, Commodity Investor Products', 'Analyst, Commodity Index Trading', 'Analyst, Commodity Index Trading', 'Summer Analyst, Equity Structured Volatility']",https://www.linkedin.com/in/ravibalasubramanian,0,2,3,3,0,1,2,3,[0 0 1 1 0 0 0 1 0 0 0 1 0 0 0 1 1 0 0 0 0 1 0 0 0 1]
Skye Isard,Tufts University,,Sandbox Banking,CTO & Co-Founder,"['AlphaPack', 'Harvard Management Company', 'Harvard Management Company', 'Harvard Management Company', 'MIT Computer Science and Artificial Intelligence Laboratory (CSAIL)']","['CTO & Co-Founder', 'Software Engineer — Senior Associate, Analytics', 'Software Engineer — Senior Associate, IT', 'Application Developer — Associate, IT', 'Web Application Developer']",https://www.linkedin.com/in/skyeisard,0,3,3,1,0,1,2,3,[1 0 0 1 0 0 0 1 0 0 0 1 0 0 0 1 1 0 0 0 0 0 1 0 0 1]
Arif Bhanji,Ivey Business School at Western University,,Fiix,Co-Founder & CEO,"['Y Combinator', 'Monitor Deloitte']","['Alumni - Core Program', 'Strategy Consultant']",https://www.linkedin.com/in/arif-bhanji,0,3,3,1,0,1,1,1,[1 0 0 1 0 0 0 1 0 0 1 0 0 1 0 0 1 0 0 0 0 0 1 0 0 1]
Khallil Mangalji,Wilfrid Laurier University,,Fiix,Co-Founder & CTO,"['BitPesa', 'Facebook', 'Facebook', 'Apple', 'Pivotal Labs']","['Lead Designer', 'Frontend Engineer', 'Frontend Engineer', 'Software Engineer', 'Software Engineer']",https://www.linkedin.com/in/khallilmangalji,0,3,3,1,0,1,1,3,[1 0 0 1 0 0 0 1 0 0 1 0 0 0 0 1 1 0 0 0 0 0 1 0 0 1]
Zain Manji,University of Toronto,,Fiix (Acquired),Co-Founder & Chief Operating Officer,"['Y Combinator', 'Zeen Labs', 'Facebook', 'Instagram', 'Yelp', 'Google', 'Social Spark', 'BMO Financial Group', 'Pickering Tennis Academy', 'Kumon']","['Alumni', 'Founder', 'Software Engineer', 'Software Engineer', 'Software Engineer', 'Software Engineer', 'Director of Technology', 'Credit Risk Management & Internal Controls Analyst', 'Tennis Coach', 'Educational Tutor']",https://www.linkedin.com/in/zainmanji,1,3,3,3,0,2,2,3,[0 0 1 1 0 0 0 0 1 0 0 1 0 0 0 1 0 1 0 0 0 0 1 0 0 1]
Vince C. Ning,,,NABIS,Founder & CEO,"['Scaphold, Inc. (Acquired by Amazon)', 'Microsoft', 'Nostrajamus', 'Microsoft', 'OpenConcept Systems, Inc.', 'Pfizer', 'Bank Of Ningbo Co., Ltd']","['Co-Founder & COO', 'Software Engineer', 'Co-Founder', 'Software Developer Intern', 'Software Engineer Intern', 'Product Manager Intern', 'Private Banking Intern']",https://www.linkedin.com/in/vcning,2,3,3,1,0,1,1,3,[1 0 0 1 0 0 0 1 0 0 1 0 0 0 0 1 0 0 1 0 0 0 1 0 0 1]
Michael Paris,University of Virginia,,Amazon Web Services,AWS AppSync,"['Scaphold.io', 'Microsoft', 'Microsoft', 'WillowTree Apps®, Inc.', 'Breit Drescher Imprevento and Walker, PC', 'Virginia Beach Lifesaving Service']","['Founder and CEO', 'Software Engineer', 'SDE Intern', 'Intern', 'Legal Aid', 'Lifeguard']",https://www.linkedin.com/in/michaelparis1,2,3,3,2,0,1,1,3,[0 1 0 1 0 0 0 1 0 0 1 0 0 0 0 1 0 0 1 0 0 0 1 0 0 1]
Robin Kim,Emory University - Goizueta Business School,,숨고 - Soomgo,Founder & CEO,"['Vanguard Ventures', 'RGP Korea(Yogiyo-Badaltong)', 'Merit Academic Consulting Group', 'Apgujung SAT Center', 'LG Electronics']","['Founder & CEO', 'Founder & CEO', 'Co-Founder & Director', 'Academic Consultant', 'Planning Group Associate']",https://www.linkedin.com/in/rhkim85,0,3,3,1,0,1,2,1,[1 0 0 1 0 0 0 1 0 0 0 1 0 1 0 0 1 0 0 0 0 0 1 0 0 1]
Hannan H.,Technical University of Munich,,Alchemist Accelerator,Mentor,"['Tesla Motors', 'Accenture', 'Siemens', 'GE']","['Sr. Operations Analyst', 'Consulting Analyst', 'Engineer', 'Field-Engineer']",https://www.linkedin.com/in/hannanhappi,0,1,3,1,0,1,1,3,[1 0 0 1 0 0 0 1 0 0 1 0 0 0 0 1 1 0 0 0 1 0 0 0 0 1]
Fabian Blaicher,,,Shipamax,Chief Technology Officer & Co-founder,"['RWE Supply & Trading', 'Goldman Sachs', 'Nanyang Technological University', 'Xorentec']","['Gas, Oil & Chemicals', 'Derivatives', 'Automatic speech recognition researcher', 'Chief Technology Officer & Co-Founder']",https://www.linkedin.com/in/fabian-blaicher-86936120,0,3,3,1,0,1,1,1,[1 0 0 1 0 0 0 1 0 0 1 0 0 1 0 0 1 0 0 0 0 0 1 0 0 1]
Jenna Brown,University of Bath,,Shipamax,CEO & Co-Founder,"['GoCardless (YC11)', 'Adzuna', 'RWE Trading', 'Lloyds Banking Group']","['Global Expansion Lead', 'Sales and Data', 'Applied Structuring / Coal Trading', 'Econometrics']",https://www.linkedin.com/in/jenna-brown-2539b716,0,3,3,1,0,1,1,1,[1 0 0 1 0 0 0 1 0 0 1 0 0 1 0 0 1 0 0 0 0 0 1 0 0 1]
Sachin Bhat,"Indian Institute of Technology, Bombay","Indian Institute of Technology, Bombay",Scribe (YC W17),Co-Founder / CTO (Acquired by Rippling),"['BloomReach', 'Palantir Technologies', 'Opera Solutions']","['Member of Technical Staff', 'Software Engineer Internship', 'Software Engineer']",https://www.linkedin.com/in/sachin-bhat-,1,3,3,1,1,1,1,3,[1 0 0 0 1 0 0 1 0 0 1 0 0 0 0 1 0 1 0 0 0 0 1 0 0 1]
Guy Snir,Duke University - The Fuqua School of Business,Duke University - The Fuqua School of Business,Clear Genetics (acquired by Invitae),Co-Founder & COO,"['SnappyTV (Acquired by Twitter)', 'Motorola Mobility (a Google company)', 'Mornetware', 'Tangram Soft (acquired by Matrix)', '2Cher Software Solutions (merged with Tangram Soft)', 'Israeli Air Force', 'Israeli Air Force']","['Director of Product Management', 'Sr. Product Manager', 'Product Manager', 'CTO of Oracle Division', 'CTO & Co-Founder', 'Software Engineering Team Lead', 'Software Engineer']",https://www.linkedin.com/in/guysnir,1,3,3,1,1,1,2,3,[1 0 0 0 1 0 0 1 0 0 0 1 0 0 0 1 0 1 0 0 0 0 1 0 0 1]
Karen Levy,,University of London,Evidence Action,"Director, Global Innovation","['Y Combinator', 'Evidence Action', 'Innovations for Poverty Action', 'Innovations for Poverty Action', 'Tawasal Institute']","['Alumni W17', 'Director, Africa Region', 'Senior Director', 'Country Director, Kenya', 'Founder, Executive Director']",https://www.linkedin.com/in/kareninkenya,0,1,2,1,1,1,3,1,[1 0 0 0 1 0 0 1 0 0 0 0 1 1 0 0 1 0 0 0 1 0 0 0 1 0]
Md. Sohel Rana,Bangladesh University of Engineering and Technology,,Evidence Action,"Project Manager, Beta","['Innovations for Poverty Action', 'University of Dortmund']","['Field Manager', 'Research Assistant']",https://www.linkedin.com/in/md-sohel-rana-69642849,0,0,1,1,0,1,1,1,[1 0 0 1 0 0 0 1 0 0 1 0 0 1 0 0 1 0 0 0 1 0 0 1 0 0]
Max Friefeld,Harvey Mudd College,,Voodoo Manufacturing,Co Founder & CEO,"['MakerBot', 'Layer By Layer', 'Northrop Grumman']","['Product Manager - Special Projects', 'Co-Founder', 'Engineering Intern: Space Systems Integration &Testing']",https://www.linkedin.com/in/mfriefeld,1,3,3,1,0,1,1,3,[1 0 0 1 0 0 0 1 0 0 1 0 0 0 0 1 0 1 0 0 0 0 1 0 0 1]
Jon Miller Schwartz,Harvey Mudd College,,Voodoo Manufacturing,Co-Founder & Chief Product Officer,"['Body Labs', 'MakerBot®', 'Layer By Layer']","['Director of Product', 'Product Manager, Special Projects', 'Co-Founder & CEO']",https://www.linkedin.com/in/jmschwartz11,0,3,3,1,0,1,2,3,[1 0 0 1 0 0 0 1 0 0 0 1 0 0 0 1 1 0 0 0 0 0 1 0 0 1]
Oliver Ortlieb,Harvey Mudd College,,"Voodoo Manufacturing, Inc.",Co-founder & CTO,"['MakerBot®', 'Layer By Layer', 'General Atomics Aeronautical Systems', 'Skritter']","['Software Engineer', 'Co-founder & CTO', 'Software Developer Internship', 'Web Developer Internship']",https://www.linkedin.com/in/oliverortlieb,1,3,3,1,0,1,1,3,[1 0 0 1 0 0 0 1 0 0 1 0 0 0 0 1 0 1 0 0 0 0 1 0 0 1]
Patrick Deem,The Wharton School,The Wharton School,"Voodoo Manufacturing, Inc.",Co-Founder and CFO / Head of Business Development,"['MakerBot®', 'Crossroads Partners, LP', 'RockHill Global LLC', 'Probitas Partners', 'Banc of America Securities']","['Project Manager to the President / Head of M&A and Strategic Partnerships', 'Investment Analyst', 'Investment Analyst', 'Associate', 'Investment Banking Analyst']",https://www.linkedin.com/in/patrick-deem-7851511,0,3,3,1,1,1,2,1,[1 0 0 0 1 0 0 1 0 0 0 1 0 1 0 0 1 0 0 0 0 0 1 0 0 1]
Brian Yang,,,Meta,Software Engineer,"['Firsthand', 'Facebook', 'Pandora', 'Answers']","['Co-Founder', 'Product Design Intern', 'Software Engineer Intern', 'Mobile Engineer']",https://www.linkedin.com/in/brianliyang,0,1,2,1,0,1,1,3,[1 0 0 1 0 0 0 1 0 0 1 0 0 0 0 1 1 0 0 0 1 0 0 0 1 0]
Eshwar Inapuri,University of Pennsylvania,,InnaMed,Co-founder & CEO,['Michigan Medicine'],['Research Assistant'],https://www.linkedin.com/in/eshwar-inapuri,0,0,1,3,0,1,1,1,[0 0 1 1 0 0 0 1 0 0 1 0 0 1 0 0 1 0 0 0 1 0 0 1 0 0]
Anup Singh,University of Pennsylvania,UCLA,InnaMed,Co-founder & CSO,"['University of California, Los Angeles', 'University of Pennsylvania', 'University of Pennsylvania']","['Graduate Student Researcher', 'Research Assistant', 'Research Assistant']",https://www.linkedin.com/in/anup-singh-229678b3,0,0,1,3,1,1,1,1,[0 0 1 0 1 0 0 1 0 0 1 0 0 1 0 0 1 0 0 0 1 0 0 1 0 0]
Joshua Zloof,Stanford University,,LED Dinosaur,Co-Founder & Lead,"['Startup', 'Groupon', 'Groupon', 'Groupon', 'McKinsey & Company', 'Apple', 'Walmart Global eCommerce']","['Startup Founder', 'Lead Product Manager for Breadcrumb Pro', 'Product Manager', 'Business Analyst for Merchant Product', 'Senior Operations Business Analyst', 'Supply Chain & IT Intern', 'Supply Chain PM Intern']",https://www.linkedin.com/in/joshua-zloof-9b09648,0,3,3,1,0,1,2,3,[1 0 0 1 0 0 0 1 0 0 0 1 0 0 0 1 1 0 0 0 0 0 1 0 0 1]
Sam Li,University of Virginia,Columbia University,Zinc Platform,Co-Founder and CTO,"['Samsung Electronics', 'Google', 'Goldman Sachs']","['Associate Global Strategist', 'Technical Account Manager', 'Technology Analyst']",https://www.linkedin.com/in/samsli,0,0,1,2,1,2,1,1,[0 1 0 0 1 0 0 0 1 0 1 0 0 1 0 0 1 0 0 0 1 0 0 1 0 0]
Helson Taveras,,,The Thiel Foundation,Thiel Fellow,"['Swipes', 'Forbes', 'Columbia Daily Spectator', 'ADP']","['Cofounder, Lead Developer', 'Mobile Application Development Intern', 'SpecTech Staff', 'Intern']",https://www.linkedin.com/in/helsontaveras,0,3,3,1,0,1,1,1,[1 0 0 1 0 0 0 1 0 0 1 0 0 1 0 0 1 0 0 0 0 0 1 0 0 1]
UMER ADNAN,,National University of Sciences and Technology (NUST),Cowlar,President & CEO,"['E4 Technologies', 'Arizona State University', 'Arizona State University', 'Solarize Inc', 'KBK Electronics (Pvt.) Ltd.', 'Akhter Solar Limited']","['Co-founder & CEO', 'Co President of the ASU Energy club', 'Graduate Student (Fulbright Scholar)', 'Founder / Owner', 'Design Engineer , R&D', 'Team Leader - Design Project (Mechatronics)']",https://www.linkedin.com/in/umer27,0,3,3,1,1,1,1,3,[1 0 0 0 1 0 0 1 0 0 1 0 0 0 0 1 1 0 0 0 0 0 1 0 0 1]
