Name,Undergrad School,Graduate School,Current Company,Current Title,Previous Companies,Previous Titles,company_name,exit_value_usd,total_funding_usd,yc_batch,Company,EXIT,FOUNDER,STARTUP,feature_vector
Nathan Blecharczyk,,,Airbnb,Co-Founder / CTO,"['Consult Mavens, LLC', 'Batiq', 'OPNET Technologies, Inc.', 'Harvard University', 'Harvard Kennedy School of Government', 'Microsoft Corporation', 'Brigham and Women‚Äôs Hospital']","['Owner', 'Software Engineer', 'Software Engineer', 'Teaching Fellow', 'Research Assistant', 'Intern Program Manager for Visual Basic .NET', 'Bioinformatics Programmer']",Airbnb,101600000000.0,6400000000.0,top_companies,Airbnb,2,3,3,"[1, 0, 0, 1, 0, 0, 0, 1, 0, 0, 1, 0, 0, 0, 0, 1, 0, 0, 1, 0, 0, 0, 1, 0, 0, 1]"
Brian Chesky,Rhode Island School of Design,,Airbnb,Co-founder & CEO,"['Brian Chesky Design', '3DID']","['Principal', 'Industrial Designer']",Airbnb,101600000000.0,6400000000.0,top_companies,Airbnb,2,3,3,"[1, 0, 0, 1, 0, 0, 0, 1, 0, 0, 0, 0, 1, 1, 0, 0, 0, 0, 1, 0, 0, 0, 1, 0, 0, 1]"
Joe G.,,,Airbnb,Co-founder of Airbnb and Chairman of Airbnb.org,"['Juice Studios', 'Chronicle Books', 'Kaiju Studios', 'Item New Product Development', 'Critt Graham + Associates']","['Founder', 'Industrial Designer', 'Industrial Designer', 'Intern', 'Intern']",Airbnb,101600000000.0,6400000000.0,top_companies,Airbnb,2,3,3,"[1, 0, 0, 1, 0, 0, 0, 1, 0, 0, 1, 0, 0, 1, 0, 0, 0, 0, 1, 0, 0, 0, 1, 0, 0, 1]"
Spenser Skates,,,Amplitude Analytics,"CEO, Co-Founder","['Sonalight', 'DRW Trading Group']","['Co-Founder', 'Algorithmic Trader, Researcher']",Amplitude,4000000000.0,336000000.0,top_companies,Amplitude,2,3,3,"[1, 0, 0, 1, 0, 0, 0, 1, 0, 0, 1, 0, 0, 1, 0, 0, 0, 0, 1, 0, 0, 0, 1, 0, 0, 1]"
Unknown,,,,,[],[],Amplitude,4000000000.0,336000000.0,top_companies,Amplitude,2,3,3,"[1, 0, 0, 1, 0, 0, 0, 1, 0, 0, 1, 0, 0, 1, 0, 0, 0, 0, 1, 0, 0, 0, 1, 0, 0, 1]"
Brian Armstrong,Rice University,Rice University,Coinbase,CEO & Co-Founder,"['Airbnb.com', 'UniversityTutor.com', 'Deloitte & Touche', 'IBM']","['Technical Product Manager', 'CEO & Founder', 'Consultant - Enterprise Risk Management', 'Intern Team Lead']",Coinbase,85700000000.0,540070000.0,top_companies,Coinbase,3,3,3,"[1, 0, 0, 0, 1, 0, 0, 1, 0, 0, 1, 0, 0, 0, 0, 1, 0, 0, 0, 1, 0, 0, 1, 0, 0, 1]"
Andy Fang,,,DoorDash,Cofounder,"['Stanford University', 'Facebook', 'Facebook']","['CS106 Section Leader', 'Software Engineering Intern', 'Software Engineering Intern']",DoorDash,60000000000.0,2100000000.0,top_companies,DoorDash,2,3,3,"[1, 0, 0, 1, 0, 0, 0, 1, 0, 0, 1, 0, 0, 0, 0, 1, 0, 0, 1, 0, 0, 0, 1, 0, 0, 1]"
Stanley Tang,,,DoorDash,Co-Founder / Chief Product Officer,['Facebook'],['Software Engineer'],DoorDash,60000000000.0,2100000000.0,top_companies,DoorDash,2,3,3,"[1, 0, 0, 1, 0, 0, 0, 1, 0, 0, 1, 0, 0, 0, 0, 1, 0, 0, 1, 0, 0, 0, 1, 0, 0, 1]"
Tony Xu,Stanford University Graduate School of Business,Stanford University Graduate School of Business,DoorDash,CEO and Co-founder,"['Matrix Partners', 'Square', 'eBay', 'eBay and PayPal', 'McKinsey & Company']","['Associate', 'Intern, International', 'Head of Business Development at RedLaser (eBay Mobile)', 'Associate, Corporate Strategy', 'Business Analyst']",DoorDash,60000000000.0,2100000000.0,top_companies,DoorDash,2,3,3,"[1, 0, 0, 0, 1, 0, 0, 1, 0, 0, 0, 1, 0, 1, 0, 0, 0, 0, 1, 0, 0, 0, 1, 0, 0, 1]"
Arash Ferdowsi,,,Dropbox,Co-Founder,['Google'],['Software Engineer Intern'],Dropbox,756000000.0,1000000000.0,top_companies,Dropbox,3,3,3,"[1, 0, 0, 1, 0, 0, 0, 0, 1, 0, 1, 0, 0, 0, 0, 1, 0, 0, 0, 1, 0, 0, 1, 0, 0, 1]"
Drew Houston,Massachusetts Institute of Technology,,Dropbox,Founder & CEO,"['Accolade', 'Bit9, Inc.']","['Founder', 'Software Engineer']",Dropbox,756000000.0,1000000000.0,top_companies,Dropbox,2,3,3,"[0, 0, 1, 1, 0, 0, 0, 1, 0, 0, 1, 0, 0, 0, 0, 1, 0, 0, 1, 0, 0, 0, 1, 0, 0, 1]"
Barry Canton,,Massachusetts Institute of Technology,"Ginkgo Bioworks, Inc.",Founder,['Massachusetts Institute of Technology'],['Graduate Student'],Ginkgo Bioworks,17800000000.0,797800000.0,top_companies,Ginkgo Bioworks,2,3,3,"[1, 0, 0, 0, 0, 0, 1, 1, 0, 0, 1, 0, 0, 1, 0, 0, 0, 0, 1, 0, 0, 0, 1, 0, 0, 1]"
Austin Che,Stanford University,Massachusetts Institute of Technology,Ginkgo Bioworks,Founder,['Massachusetts Institute of Technology'],['Grad Student'],Ginkgo Bioworks,17800000000.0,797800000.0,top_companies,Ginkgo Bioworks,2,3,3,"[1, 0, 0, 0, 0, 0, 1, 1, 0, 0, 1, 0, 0, 1, 0, 0, 0, 0, 1, 0, 0, 0, 1, 0, 0, 1]"
Jason Kelly,,Massachusetts Institute of Technology,Ginkgo Bioworks,Founder,['OpenWetWare'],['Founder'],Ginkgo Bioworks,17800000000.0,797800000.0,top_companies,Ginkgo Bioworks,2,3,3,"[1, 0, 0, 0, 0, 0, 1, 1, 0, 0, 1, 0, 0, 1, 0, 0, 0, 0, 1, 0, 0, 0, 1, 0, 0, 1]"
Tom Knight,,,,,[],[],Ginkgo Bioworks,17800000000.0,797800000.0,top_companies,Ginkgo Bioworks,2,3,3,"[1, 0, 0, 1, 0, 0, 0, 1, 0, 0, 1, 0, 0, 1, 0, 0, 0, 0, 1, 0, 0, 0, 1, 0, 0, 1]"
Reshma Shetty,,,"Ginkgo Bioworks, Inc.",Co-founder,"['Massachusetts Institute of Technology', 'University of Cambridge', 'University of Utah']","['Graduate Research Assistant', 'Research Assistant', 'Undergraduate Research Assistant']",Ginkgo Bioworks,17800000000.0,797800000.0,top_companies,Ginkgo Bioworks,2,3,3,"[1, 0, 0, 1, 0, 0, 0, 1, 0, 0, 1, 0, 0, 1, 0, 0, 0, 0, 1, 0, 0, 0, 1, 0, 0, 1]"
Sid Sijbrandij,Y Combinator,University of Twente,GitLab,"Co-founder, Board Chair, and CEO","['Comcoaster', 'Ministerie van Justitie', 'U-Boat Worx BV', 'IBM', 'Procter & Gamble']","['Founder', 'Lead Architect', 'Operational Director', 'Intern', 'Intern (Thesis)']",GitLab,10900000000.0,412000000.0,top_companies,GitLab,2,3,3,"[1, 0, 0, 0, 1, 0, 0, 1, 0, 0, 0, 1, 0, 1, 0, 0, 0, 0, 1, 0, 0, 0, 1, 0, 0, 1]"
Dmytro Zaporozhets,Kharkiv National Automobile and Highway University,,GitLab Inc.,CTO,[],[],GitLab,10900000000.0,412000000.0,top_companies,GitLab,2,3,3,"[1, 0, 0, 1, 0, 0, 0, 1, 0, 0, 1, 0, 0, 1, 0, 0, 0, 0, 1, 0, 0, 0, 1, 0, 0, 1]"
Apoorva Mehta,University of Waterloo,,Instacart,"Founder, CEO & Chairman",['Amazon.com'],['Fulfillment Optimization SDE'],Instacart,9900000000.0,2400000000.0,top_companies,Instacart,2,3,3,"[0, 0, 1, 1, 0, 0, 0, 1, 0, 0, 1, 0, 0, 1, 0, 0, 0, 0, 1, 0, 0, 0, 1, 0, 0, 1]"
Brandon Leonardo,San Jos√© State University,,Instacart,Co-Founder,"['AngelList', 'Webs', 'Cisco Systems']","['Venture Hacker', 'Senior Developer', 'IT Engineer Intern']",Instacart,9900000000.0,2400000000.0,top_companies,Instacart,2,3,3,"[1, 0, 0, 1, 0, 0, 0, 1, 0, 0, 0, 1, 0, 0, 0, 1, 0, 0, 1, 0, 0, 0, 1, 0, 0, 1]"
Max Mullen,,,Instacart,Co-Founder,"['Location Labs by Avast', 'Volly', 'Schematic', 'Schematic']","['Product', 'Founder & CEO', 'Director, Client Services', 'Systems Engineer']",Instacart,9900000000.0,2400000000.0,top_companies,Instacart,2,3,3,"[1, 0, 0, 1, 0, 0, 0, 1, 0, 0, 0, 1, 0, 0, 0, 1, 0, 0, 1, 0, 0, 0, 1, 0, 0, 1]"
Mikhail Kokorich,Y Combinator,Moscow School of Management SKOLKOVO,Momentus,"CEO, Founder","['ExactFarming', 'Astro Digital', 'Dauria Aerospace', 'Yuterra', '–¢–µ—Ö–Ω–æ—Å–∏–ª–∞', 'Ilim Timber Germany']","['Co-Founder', 'President, Founder', 'CEO, Founder', 'CEO, Co-Founder', 'CEO, Founder', 'CEO']",Momentus,700000000.0,172500000.0,top_companies,Momentus,2,3,3,"[1, 0, 0, 0, 1, 0, 0, 1, 0, 0, 1, 0, 0, 1, 0, 0, 0, 0, 1, 0, 0, 0, 1, 0, 0, 1]"
Matthew De Silva,,,Notable Labs,Founder and CEO,"['Clarium Capital Management', 'Bank of America Merrill Lynch', 'Moore Capital Management']","['Portfolio Manager', 'Analyst', 'Intern']",Notable Labs,0.0,68490000.0,top_companies,Notable Labs,0,3,3,"[1, 0, 0, 1, 0, 0, 0, 1, 0, 0, 1, 0, 0, 1, 0, 0, 1, 0, 0, 0, 0, 0, 1, 0, 0, 1]"
Peter Quinzio,,,Notable,"Founder, Chief Operating Officer / Chief Financial Officer, Board Member","['Tesla Motors', 'Morgan Stanley', 'JPMorgan Chase & Co.', 'Skadden, Arps, Slate, Meagher & Flom LLP and Affiliates']","['Associate, Manufacturing Finance and Business Operations', 'Investment Banking Analyst, Global Industrials Group and Corporate Equity Derivatives', 'Analyst, Treasury and Securities Services', 'Corporate Paralegal']",Notable Labs,0.0,68490000.0,top_companies,Notable Labs,0,3,3,"[1, 0, 0, 1, 0, 0, 0, 1, 0, 0, 1, 0, 0, 1, 0, 0, 1, 0, 0, 0, 0, 0, 1, 0, 0, 1]"
Alex Solomon,University of Waterloo,,PagerDuty,CEO and Co-Founder,"['Intersect', 'Amazon.com']","['Software Engineering Consultant', 'Software Development Engineer']",PagerDuty,1800000000.0,173700000.0,top_companies,PagerDuty,2,3,3,"[0, 0, 1, 1, 0, 0, 0, 1, 0, 0, 1, 0, 0, 0, 0, 1, 0, 0, 1, 0, 0, 0, 1, 0, 0, 1]"
"Uri Lopatin, MD",Cornell University,,Edmund Hillary Fellowship (EHF),Fellow,"['Y Combinator', 'Assembly Biosciences, Inc.', 'StartX Med', 'Thiel 20 under 20 Fellowship', 'Yosera', 'The Center for Biosecurity - UPMC']","['Visiting Partner', 'Co-Founder & Chief Medical Officer', 'Mentor', 'Mentor', 'Founder & CEO', 'Fellow - Emerging Leaders in Biosecurity Initiative']",Pardes Biosciences,134000000.0,326000000.0,top_companies,Pardes Biosciences,2,3,3,"[1, 0, 0, 1, 0, 0, 0, 1, 0, 0, 1, 0, 0, 1, 0, 0, 0, 0, 1, 0, 0, 0, 1, 0, 0, 1]"
Rajat Suri,Massachusetts Institute of Technology,Massachusetts Institute of Technology,Presto,Founder / CEO,"['Lyft', 'FedS', 'Forum for Independent Thought']","['Co-Founder', 'Board of Directors', 'Founder/President']",Presto,1000000000.0,500000000.0,top_companies,Presto,3,3,3,"[0, 0, 1, 0, 0, 0, 1, 1, 0, 0, 0, 1, 0, 1, 0, 0, 0, 0, 0, 1, 0, 0, 1, 0, 0, 1]"
Chad Rigetti,,Yale University,Rigetti Quantum Computing,Founder and CEO,"['IBM', 'Yale University, Applied Physics', 'Intrade']","['Research Staff Member, Quantum Computing Group', 'PhD Student', 'VP Business Development']",Rigetti Computing,1500000000.0,379000000.0,top_companies,Rigetti Computing,2,3,3,"[1, 0, 0, 0, 1, 0, 0, 1, 0, 0, 0, 0, 1, 1, 0, 0, 0, 0, 1, 0, 0, 0, 1, 0, 0, 1]"
Jared Rodman,University of Utah,,Weave HQ,CCO/Co-founder,[],[],Weave,120000000.0,156000000.0,top_companies,Weave,2,3,3,"[1, 0, 0, 1, 0, 0, 0, 1, 0, 0, 1, 0, 0, 1, 0, 0, 0, 0, 1, 0, 0, 0, 1, 0, 0, 1]"
Clint Berry,,,Weave HQ,Chief Technology Officer,"['MediConnect', 'System[11]', 'Converseo, LLC', 'Stampede Marketing', 'Self Employed', 'Avinti']","['Lead Developer', 'Owner/Web Developer', 'Lead Developer', 'Technical Product Manager', 'Web Developer', 'Web Developer']",Weave,120000000.0,156000000.0,top_companies,Weave,2,3,3,"[1, 0, 0, 1, 0, 0, 0, 1, 0, 0, 1, 0, 0, 0, 0, 1, 0, 0, 1, 0, 0, 0, 1, 0, 0, 1]"
Brandon Rodman,,,Weave,CEO & Founder,"['Stampede Marketing', 'Star Satellite', 'LINX Satellite, Inc.']","['VP of Sales Operations', 'Director of Sales and Recruiting', 'Account Executive']",Weave,120000000.0,156000000.0,top_companies,Weave,3,3,3,"[1, 0, 0, 1, 0, 0, 0, 1, 0, 0, 0, 0, 1, 1, 0, 0, 0, 0, 0, 1, 0, 0, 1, 0, 0, 1]"
Caroline Cochran,University of Oklahoma,Massachusetts Institute of Technology,Oklo Inc,founder and COO,[],[],Oklo,850000000.0,306000000.0,top_companies,Oklo,2,3,3,"[1, 0, 0, 0, 0, 0, 1, 1, 0, 0, 1, 0, 0, 1, 0, 0, 0, 0, 1, 0, 0, 0, 1, 0, 0, 1]"
Jacob DeWitte,,Massachusetts Institute of Technology,Oklo Inc,CEO and Co-Founder,"['Massachusetts Institute of Technology', 'MIT Reactor Technology Course', 'MIT', 'MIT Reactor Technology Course', 'MIT Reactor Technology Course', 'General Electric', 'University of Florida', 'Sandia National Laboratories', 'Sandia National Laboratories', 'LES, URENCO']","['PhD Candidate', 'TA', 'S.M. Student', 'TA', 'TA', 'Student Intern', 'Student', 'Student Intern', 'Student Intern', 'Student Intern']",Oklo,850000000.0,306000000.0,top_companies,Oklo,2,3,3,"[1, 0, 0, 0, 0, 0, 1, 1, 0, 0, 1, 0, 0, 1, 0, 0, 0, 0, 1, 0, 0, 0, 1, 0, 0, 1]"
David Gausebeck,University of Illinois Urbana-Champaign,,Matterport,Chief Scientist,"['PayPal, Inc.', 'PayPal, Inc.']","['Staff Technical Architect', '-']",Matterport,1600000000.0,114000000.0,top_companies,Matterport,2,3,3,"[1, 0, 0, 1, 0, 0, 0, 1, 0, 0, 1, 0, 0, 1, 0, 0, 0, 0, 1, 0, 0, 0, 1, 0, 0, 1]"
Calvin French-Owen,,,Segment,Co-Founder,"['LinkedIn', 'Leanserver', 'Viral Communications Group', 'Microsoft']","['Software Developer Intern', 'Software Developer', 'Undergraduate Researcher', 'High School Intern']",Segment,3200000000.0,109000000.0,top_companies,Segment,3,3,3,"[1, 0, 0, 1, 0, 0, 0, 1, 0, 0, 1, 0, 0, 1, 0, 0, 0, 0, 0, 1, 0, 0, 1, 0, 0, 1]"
Ilya Volodarsky,,,Segment,Co-Founder & President,"['Microsoft Corporation', 'LeanServer', 'MIT Media Lab']","['Program Manager Intern', 'Software Developer', 'Researcher']",Segment,3200000000.0,109000000.0,top_companies,Segment,2,3,3,"[1, 0, 0, 1, 0, 0, 0, 1, 0, 0, 1, 0, 0, 1, 0, 0, 0, 0, 1, 0, 0, 0, 1, 0, 0, 1]"
Nicolas Dessaigne,,,Algolia,Co-founder & CEO,"['Exalead', 'Exalead', 'Arisem - Thales', 'Arisem - Thales', 'Arisem - Thales', 'National Institute of Informatics (Tokyo)']","['VP R&D', 'Director, Product Management', 'CTO', 'Chief Research and Development Officer', 'R&D Software Developer', 'Visiting Researcher']",Algolia,0.0,315000000.0,top_companies,Algolia,3,3,3,"[1, 0, 0, 1, 0, 0, 0, 1, 0, 0, 0, 0, 1, 0, 0, 1, 0, 0, 0, 1, 0, 0, 1, 0, 0, 1]"
Julien Lemoine,EPITA: Ecole d'Ing√©nieurs en Informatique,EPITA: Ecole d'Ing√©nieurs en Informatique,Algolia,Co-founder & CTO,"['MASA Group', 'Exalead', 'Epita', 'Thales']","['CTO', 'Software Architect / R&D Manager', 'Text Mining Teacher', 'R&D Software Engineer']",Algolia,0.0,315000000.0,top_companies,Algolia,0,3,3,"[1, 0, 0, 0, 1, 0, 0, 1, 0, 0, 1, 0, 0, 0, 0, 1, 1, 0, 0, 0, 0, 0, 1, 0, 0, 1]"
Haroon Mokhtarzada,,,Rocket Money ,Cofounder & Chairman,"['Vistaprint', 'Community Foundation of Montgomery County', 'United Nations Foundation', 'Vistaprint', 'Webs']","['VP Digital Innovation', 'Board Member', 'Global Entrepreneurs Council Member', 'VP Digital Products', 'CEO & Cofounder']",Truebill,1275000000.0,85000000.0,top_companies,Truebill,3,3,3,"[1, 0, 0, 1, 0, 0, 0, 1, 0, 0, 0, 0, 1, 0, 0, 1, 0, 0, 0, 1, 0, 0, 1, 0, 0, 1]"
Yahya Mokhtarzada,,,500 Startups,Mentor,"['Nanigans', 'appssavvy', 'SGN (acquired by Jam City)', 'Webs.com (Acquired by VistaPrint)', 'United Way of America - Brand Leadership Team']","['VP, Business Development, Head of West Coast Sales', 'Director, Business Development & Social Strategy', 'Business Development', 'Business Development', 'Summer Associate']",Truebill,1275000000.0,85000000.0,top_companies,Truebill,3,3,3,"[1, 0, 0, 1, 0, 0, 0, 1, 0, 0, 0, 0, 1, 1, 0, 0, 0, 0, 0, 1, 0, 0, 1, 0, 0, 1]"
Idris Mokhtarzada,University of Maryland,,Rocket Money (formerly Truebill),Founder & CTO,"['Vistaprint', 'Webs']","['Tech Lead, Architect, Scientist', 'Co-Founder, Senior Architect']",Truebill,1275000000.0,85000000.0,top_companies,Truebill,2,3,3,"[0, 1, 0, 1, 0, 0, 0, 1, 0, 0, 0, 1, 0, 1, 0, 0, 0, 0, 1, 0, 0, 0, 1, 0, 0, 1]"
Justin Kan,,,Justin.tv / Twitch,Founder,"['Kiko Software Inc', 'Russell Investment Group']","['Co-founder', 'Intern']",Twitch,970000000.0,43050000.0,top_companies,Twitch,3,3,3,"[1, 0, 0, 1, 0, 0, 0, 1, 0, 0, 1, 0, 0, 1, 0, 0, 0, 0, 0, 1, 0, 0, 1, 0, 0, 1]"
Michael Seibel,Yale University,,Justin.tv,CEO,['Mfume for US Senate 2006'],['Finance Director'],Twitch,970000000.0,43050000.0,top_companies,Twitch,2,3,3,"[1, 0, 0, 1, 0, 0, 0, 1, 0, 0, 0, 1, 0, 1, 0, 0, 0, 0, 1, 0, 0, 0, 1, 0, 0, 1]"
Emmett Shear,Yale University,,Justin.TV Inc.,Founder,['Kiko Software Inc.'],['Founder'],Twitch,970000000.0,43050000.0,top_companies,Twitch,2,3,3,"[1, 0, 0, 1, 0, 0, 0, 1, 0, 0, 1, 0, 0, 1, 0, 0, 0, 0, 1, 0, 0, 0, 1, 0, 0, 1]"
Kyle Vogt,,,Twitch,Co-Founder,[],[],Twitch,970000000.0,43050000.0,top_companies,Twitch,2,3,3,"[1, 0, 0, 1, 0, 0, 0, 1, 0, 0, 1, 0, 0, 1, 0, 0, 0, 0, 1, 0, 0, 0, 1, 0, 0, 1]"
Ralph Gootee,The Johns Hopkins University,,PlanGrid,Co-Founder and CTO,"['Pixar Animation Studios', 'Sony', 'Johns Hopkins University Applied Physics Laboratory']","['Systems Software Engineer', 'Software Architect', 'Software Engineer and Mathematician']",PlanGrid,875000000.0,66000000.0,top_companies,PlanGrid,2,3,3,"[1, 0, 0, 1, 0, 0, 0, 1, 0, 0, 1, 0, 0, 0, 0, 1, 0, 0, 1, 0, 0, 0, 1, 0, 0, 1]"
Ryan Sutton-Gee,California State University-Sacramento,Stanford University,PlanGrid,Co-Founder,"['ITSI Gilbane Company', 'ITSI Gilbane Company', 'Stacy and Witbeck, Inc.']","['Scheduler/Cost Control Engineer', 'Estimator', 'Estimating Intern']",PlanGrid,875000000.0,66000000.0,top_companies,PlanGrid,2,3,3,"[1, 0, 0, 0, 1, 0, 0, 1, 0, 0, 1, 0, 0, 0, 0, 1, 0, 0, 1, 0, 0, 0, 1, 0, 0, 1]"
Tracy Young,,,PlanGrid,CEO and Cofounder,"['Rudolph and Sletten', 'Turner Construction', 'Syblon Reid']","['Project Engineer', 'Assistant Estimator', 'Construction Intern']",PlanGrid,875000000.0,66000000.0,top_companies,PlanGrid,2,3,3,"[1, 0, 0, 1, 0, 0, 0, 1, 0, 0, 1, 0, 0, 0, 0, 1, 0, 0, 1, 0, 0, 0, 1, 0, 0, 1]"
Daniel Kan,Claremont McKenna College,,Cruise,Co-Founder & Chief Product Officer,"['EXEC', 'UserVoice', 'Claremont McKenna College', 'Justin.tv']","['Co-founder', 'Business Development', 'Research Fellow', 'Production Intern']",Cruise,1000000000.0,15100000000.0,top_companies,Cruise,2,3,3,"[1, 0, 0, 1, 0, 0, 0, 1, 0, 0, 1, 0, 0, 0, 0, 1, 0, 0, 1, 0, 0, 0, 1, 0, 0, 1]"
Unknown,,,,,[],[],Bird,2300000000.0,540000000.0,top_companies,Bird,2,3,3,"[1, 0, 0, 1, 0, 0, 0, 1, 0, 0, 1, 0, 0, 1, 0, 0, 0, 0, 1, 0, 0, 0, 1, 0, 0, 1]"
Pedro Franceschi,Stanford University,,Brex,Founder and CEO,"['Pagar.me Pagamentos S.A.', 'M4U', 'Sync Mobile', 'Brainjuice']","['Founder', 'Software Engineer', 'Software Engineer', 'Software Engineer']",Brex,0.0,1200000000.0,W17,Brex,1,3,3,"[1, 0, 0, 1, 0, 0, 0, 1, 0, 0, 1, 0, 0, 0, 0, 1, 0, 1, 0, 0, 0, 0, 1, 0, 0, 1]"
Henrique Dubugras,Stanford University,,Brex,Founder and Chairman,"['Pagar.me', 'EduqueMe', 'Estudar nos EUA', 'Views', 'Ingresse', 'Cronus Emulator']","['Founder and CEO', 'Founder', 'Founder', 'iOS Developer', 'Tech Leader', 'Developer']",Brex,0.0,1200000000.0,W17,Brex,2,3,3,"[1, 0, 0, 1, 0, 0, 0, 1, 0, 0, 1, 0, 0, 1, 0, 0, 0, 0, 1, 0, 0, 0, 1, 0, 0, 1]"
Adam Hansmann,University of Notre Dame,,The Athletic,Co-Founder & President,"['Strava, Inc.', 'Calera Capital', 'McKinsey & Company', 'Procter & Gamble']","['Business Operations', 'Associate', 'Business Analyst', 'Intern']",The Athletic,550000000.0,139500000.0,top_companies,The Athletic,2,3,3,"[1, 0, 0, 1, 0, 0, 0, 1, 0, 0, 1, 0, 0, 1, 0, 0, 0, 0, 1, 0, 0, 0, 1, 0, 0, 1]"
Alex Mather,,,The Athletic,"Founder, CEO","['Strava, Inc.', 'Comcast Interactive Media', 'Comeover.com, Inc.', 'Neomind Studio, LLC', 'CDNOW.com, Inc.']","['Vice President, Product Management & Product Design', 'Lead UX, XFinity TV', 'Founder', 'Founding Partner', 'Intranet Developer']",The Athletic,550000000.0,139500000.0,top_companies,The Athletic,2,3,3,"[1, 0, 0, 1, 0, 0, 0, 1, 0, 0, 0, 1, 0, 0, 0, 1, 0, 0, 1, 0, 0, 0, 1, 0, 0, 1]"
Zach Sims,,,Codecademy,Co-Founder and CEO,['GroupMe'],['business'],Codecademy,525000000.0,82520000.0,top_companies,Codecademy,2,3,3,"[1, 0, 0, 1, 0, 0, 0, 1, 0, 0, 1, 0, 0, 1, 0, 0, 0, 0, 1, 0, 0, 0, 1, 0, 0, 1]"
Daniel Yanisse,EPFL,,Checkr,Co-founder & CEO,"['deliv', 'Mogreet', 'Cisco', 'NASA Ames Research Center', 'Phonak', 'EPFL']","['Software Engineer', 'Software Engineer', 'Software Engineer Intern', 'Software Engineering Intern', 'Clinical R&D Intern', 'Research Assistant']",Checkr,0.0,679000000.0,top_companies,Checkr,0,3,3,"[1, 0, 0, 1, 0, 0, 0, 1, 0, 0, 1, 0, 0, 0, 0, 1, 1, 0, 0, 0, 0, 0, 1, 0, 0, 1]"
Jonathan Perichon,,UTBM,Checkr,Co-founder,"['deliv', 'Mogreet', 'Mogreet', 'KDE', 'University of Teesside']","['Software Engineer', 'Software Engineer', 'Software Engineer Intern', 'Developer - Google Summer of Code program', 'Developer Intern']",Checkr,0.0,679000000.0,top_companies,Checkr,0,3,3,"[1, 0, 0, 0, 1, 0, 0, 1, 0, 0, 1, 0, 0, 0, 0, 1, 1, 0, 0, 0, 0, 0, 1, 0, 0, 1]"
Brian N.,,,"Lever, Inc.",Co-founder,"['Trendessence, inc.', 'BASES', 'Energy Crossroads', 'McKinsey & Company']","['CEO & Co-founder', 'President', 'Coordinator', 'Summer Business Analyst']",Lever,0.0,123000000.0,top_companies,Lever,0,3,3,"[1, 0, 0, 1, 0, 0, 0, 1, 0, 0, 1, 0, 0, 1, 0, 0, 1, 0, 0, 0, 0, 0, 1, 0, 0, 1]"
Nate Smith,,,Lever,CEO and Founder,"['Google', 'Google', 'Google', 'Xilinx, Inc.']","['Product Manager', 'Product Manager', 'Associate Product Manager', 'Design Solutions Verification Intern']",Lever,0.0,123000000.0,top_companies,Lever,0,3,3,"[1, 0, 0, 1, 0, 0, 0, 0, 1, 0, 1, 0, 0, 0, 0, 1, 1, 0, 0, 0, 0, 0, 1, 0, 0, 1]"
Sarah Nahm,Stanford University,,Lever,Co-founder,"['Google', 'Google']","['Product Marketing Manager, Google Chrome', 'Speechwriter for Marissa Mayer']",Lever,0.0,123000000.0,top_companies,Lever,0,3,3,"[1, 0, 0, 1, 0, 0, 0, 0, 1, 0, 1, 0, 0, 0, 0, 1, 1, 0, 0, 0, 0, 0, 1, 0, 0, 1]"
Wei D.,Yale University,,Clipboard Health,CEO & Founder,"['Y Combinator', 'Sendwave (International Remittance)', 'Moelis & Company', 'Davis Polk & Wardwell LLP', 'Wachtell, Lipton, Rosen & Katz', 'Department of Economics, University of Chicago']","['W17 Alumni', 'Product Manager and Business Operations', 'Associate', 'Associate', 'Summer Associate', 'Researcher']",Clipboard Health,0.0,90000000.0,W17,Clipboard Health,0,3,3,"[1, 0, 0, 1, 0, 0, 0, 1, 0, 0, 1, 0, 0, 0, 0, 1, 1, 0, 0, 0, 0, 0, 1, 0, 0, 1]"
Matin Movassate,,,Heap,Founder & CEO,"['Facebook', 'Stanford University', 'Stanford University', 'Google', 'Mozilla']","['Product Manager', 'CS106 Section Leader', 'CS107 Teaching Assistant', 'Associate Product Manager Intern', 'Software Engineer Intern']",Heap,0.0,205000000.0,top_companies,Heap,0,3,3,"[1, 0, 0, 1, 0, 0, 0, 0, 1, 0, 1, 0, 0, 0, 0, 1, 1, 0, 0, 0, 0, 0, 1, 0, 0, 1]"
Drew Durbin,,,Sendwave (International Remittance),Founder & CEO,[],[],Sendwave,500000000.0,145430000.0,top_companies,Sendwave,2,3,3,"[1, 0, 0, 1, 0, 0, 0, 1, 0, 0, 1, 0, 0, 1, 0, 0, 0, 0, 1, 0, 0, 0, 1, 0, 0, 1]"
Lincoln Quirk,,,,,"['Harvard University', 'Demiurge Studios', 'Newsbrane', 'Brown University', 'One Laptop Per Child', 'NetApp', 'Network Appliance', 'SolidWorks']","['Ph.D student, SEAS', 'Engineer', 'Cofounder and CTO', 'UTA', 'Game Dev Intern', 'WAFL Intern', 'WAFL Intern', 'Game Dev Intern']",Sendwave,500000000.0,145430000.0,top_companies,Sendwave,2,3,3,"[1, 0, 0, 1, 0, 0, 0, 1, 0, 0, 1, 0, 0, 0, 0, 1, 0, 0, 1, 0, 0, 0, 1, 0, 0, 1]"
Alex Bouaziz,Technion - Israel Institute of Technology,Massachusetts Institute of Technology,Deel,Co-founder & CEO,"['Lifeslice', 'Imperial College London']","['Co-founder & CEO', 'Researcher, Environmental Engineering']",Deel,0.0,680000000.0,top_companies,Deel,0,3,3,"[0, 0, 1, 0, 0, 0, 1, 1, 0, 0, 1, 0, 0, 0, 0, 1, 1, 0, 0, 0, 0, 0, 1, 0, 0, 1]"
Shuo Wang,Massachusetts Institute of Technology,,Deel,Co-Founder & CRO,['Aeris Cleantec AG'],['Co Founder CTO'],Deel,0.0,680000000.0,top_companies,Deel,1,3,3,"[0, 0, 1, 1, 0, 0, 0, 1, 0, 0, 1, 0, 0, 1, 0, 0, 0, 1, 0, 0, 0, 0, 1, 0, 0, 1]"
Dan Carroll,,,Clever Inc.,"Co-Founder, Chief Product Officer","['STRIVE Preparatory Schools', 'Teach for America', 'The Boston Consulting Group', 'Microsoft']","['Director of Data & Technology', 'Corps Member', 'Summer Associate', 'Program Manager Intern']",Clever,0.0,13300000.0,top_companies,Clever,0,3,3,"[1, 0, 0, 1, 0, 0, 0, 1, 0, 0, 0, 1, 0, 1, 0, 0, 1, 0, 0, 0, 0, 0, 1, 0, 0, 1]"
Rafael Garcia,,,Clever Inc.,Co-Founder and CTO,"['Jump Trading, LLC']",['Algorithmic Trader'],Clever,0.0,13300000.0,top_companies,Clever,0,3,3,"[1, 0, 0, 1, 0, 0, 0, 1, 0, 0, 1, 0, 0, 1, 0, 0, 1, 0, 0, 0, 0, 0, 1, 0, 0, 1]"
Ahmed Beshry,University of Alberta,,Caper,Co-Founder / Chief Business Officer,[],[],Caper,350000000.0,10000000.0,top_companies,Caper,2,3,3,"[1, 0, 0, 1, 0, 0, 0, 1, 0, 0, 1, 0, 0, 1, 0, 0, 0, 0, 1, 0, 0, 0, 1, 0, 0, 1]"
Unknown,,,,,[],[],Caper,350000000.0,10000000.0,top_companies,Caper,2,3,3,"[1, 0, 0, 1, 0, 0, 0, 1, 0, 0, 1, 0, 0, 1, 0, 0, 0, 0, 1, 0, 0, 0, 1, 0, 0, 1]"
Brad Siegler,University of Missouri-Columbia,,EquipmentShare,Co-Founder,"['Lift Division', 'Zapier', 'Brad Siegler', 'bottlcap', 'Ovative Group', 'Stockcast.it', 'NFOIC', 'Star Tribune']","['Web Designer and Developer', 'Freelance Marketing Guy', 'Freelance Web Designer and Business Development Consultant', 'CEO & Founder', 'Freelance UX Designer', 'Product Development Intern', 'Mobile Strategist', 'Web Analytics Freelance - University of Missouri - Columbia']",EquipmentShare,0.0,3940000000.0,top_companies,EquipmentShare,0,3,3,"[1, 0, 0, 1, 0, 0, 0, 1, 0, 0, 1, 0, 0, 0, 0, 1, 1, 0, 0, 0, 0, 0, 1, 0, 0, 1]"
Jeffrey Lowe,,,EquipmentShare.com,Co-founder,"['Lowe Contracting', 'Freelance Web Design']","['Owner/Partner', 'Web Consulting and Development']",EquipmentShare,0.0,3940000000.0,top_companies,EquipmentShare,0,3,3,"[1, 0, 0, 1, 0, 0, 0, 1, 0, 0, 1, 0, 0, 1, 0, 0, 1, 0, 0, 0, 0, 0, 1, 0, 0, 1]"
Jabbok Schlacks,,,EquipmentShare.com,Cofounder,[],[],EquipmentShare,0.0,3940000000.0,top_companies,EquipmentShare,3,3,3,"[1, 0, 0, 1, 0, 0, 0, 1, 0, 0, 1, 0, 0, 1, 0, 0, 0, 0, 0, 1, 0, 0, 1, 0, 0, 1]"
William Schlacks,,,EquipmentShare,Co Founder & President ,[],[],EquipmentShare,0.0,3940000000.0,top_companies,EquipmentShare,0,3,3,"[1, 0, 0, 1, 0, 0, 0, 1, 0, 0, 1, 0, 0, 1, 0, 0, 1, 0, 0, 0, 0, 0, 1, 0, 0, 1]"
Steve Huffman,University of Virginia,,Reddit,Co-founder,"['Image Matters, LLC']",['Software Engineer'],Reddit,6400000000.0,1300000000.0,top_companies,Reddit,3,3,3,"[0, 1, 0, 1, 0, 0, 0, 1, 0, 0, 1, 0, 0, 0, 0, 1, 0, 0, 0, 1, 0, 0, 1, 0, 0, 1]"
Victor Ho,"University of California, Berkeley",,FiveStars,CEO & Co-Founder,"['McKinsey & Company', 'Goldman Sachs']","['Management Consultant', 'Investment Banking Analyst, Financial Institutions Group']",Fivestars,317000000.0,147920000.0,top_companies,Fivestars,2,3,3,"[0, 0, 1, 1, 0, 0, 0, 1, 0, 0, 1, 0, 0, 1, 0, 0, 0, 0, 1, 0, 0, 0, 1, 0, 0, 1]"
Matt D.,The Wharton School,,Fivestars by SumUp,CTO,"['TechnoServe', 'McKinsey & Company', 'Morgan Stanley', 'AVM, L.P./III Associates']","['Volunteer Consultant, Uganda', 'Business Analyst', 'IBD Media and Telecom Summer analyst', 'Summer Fixed Income Analyst']",Fivestars,317000000.0,147920000.0,top_companies,Fivestars,2,3,3,"[1, 0, 0, 1, 0, 0, 0, 1, 0, 0, 1, 0, 0, 1, 0, 0, 0, 0, 1, 0, 0, 0, 1, 0, 0, 1]"
Mike Sherrill,,,MZ,Co-Founder,"['KPMG', 'Atari Games']","['Lead Coordinator', 'Lead QA']",Machine Zone,500000000.0,593290000.0,top_companies,Machine Zone,2,3,3,"[1, 0, 0, 1, 0, 0, 0, 1, 0, 0, 1, 0, 0, 1, 0, 0, 0, 0, 1, 0, 0, 0, 1, 0, 0, 1]"
Marcelo Cortes,University of Waterloo,,Faire,CTO & Co-Founder,"['Square', 'FreePoint Inc', 'Google', 'Nikon Metrology', 'Mobile Computing Corporation', 'Virtek Vision International', 'Bell Canada', 'Vesta Technologies', 'WA']","['Staff Software Engineer', 'Co-Founder', 'Senior Software Engineer', 'Senior Software Architect', 'Embedded Software Developer', 'Senior Software Developer', 'Embedded Software Developer', 'Software Developer', 'Software Developer']",Faire,0.0,1400000000.0,W17,Faire,0,3,3,"[0, 0, 1, 1, 0, 0, 0, 0, 1, 0, 0, 1, 0, 0, 0, 1, 1, 0, 0, 0, 0, 0, 1, 0, 0, 1]"
Daniele Perito,Sapienza Universit√† di Roma,Sapienza Universit√† di Roma,Faire,Chief Data Officer & Co-Founder,"['Square', 'UC Berkeley', 'Stanford University', 'UC Irvine', 'INRIA', 'Independent']","['Director of security and risk engineering', 'Postdoctoral Researcher', 'Research Visitor', 'Research Visitor', 'Research Intern', 'Security Consultant']",Faire,0.0,1400000000.0,W17,Faire,0,3,3,"[1, 0, 0, 0, 1, 0, 0, 1, 0, 0, 0, 1, 0, 0, 0, 1, 1, 0, 0, 0, 0, 0, 1, 0, 0, 1]"
Max Rhodes,Yale University,,Faire,Co-founder and CEO,"['Square', 'Square', 'Square', 'Square', 'AppDirect', 'Bain and Company', 'College Pro Painters', 'Morey Evans Advertising']","['Director of Consumer Product, Caviar', 'Product Manager, Square Cash', 'Product Manager, Square Capital', 'Business Analyst', 'End-User Strategy', 'Associate Consultant', 'Franchise Manager', 'PR intern']",Faire,0.0,1400000000.0,W17,Faire,0,3,3,"[1, 0, 0, 1, 0, 0, 0, 1, 0, 0, 0, 1, 0, 0, 0, 1, 1, 0, 0, 0, 0, 0, 1, 0, 0, 1]"
Taylor Brown,California College of the Arts,California College of the Arts,Fivetran,COO & Cofounder,"['Y Combinator', 'North Social', '(Shike) Design']","['Member Winter 13', 'Design & User Experience', 'Design Intern']",Fivetran,0.0,853020000.0,top_companies,Fivetran,0,3,3,"[1, 0, 0, 0, 1, 0, 0, 1, 0, 0, 1, 0, 0, 1, 0, 0, 1, 0, 0, 0, 0, 0, 1, 0, 0, 1]"
George Fraser,Carnegie Mellon University,University of Pittsburgh,Fivetran,Chief Executive Officer,['Emerald Therapeutics'],['Scientist'],Fivetran,0.0,853020000.0,top_companies,Fivetran,0,3,3,"[0, 1, 0, 0, 1, 0, 0, 1, 0, 0, 1, 0, 0, 1, 0, 0, 1, 0, 0, 0, 0, 0, 1, 0, 0, 1]"
Pete Koomen,,,Optimizely,Co-founder,"['CarrotSticks', 'Google']","['Co-founder', 'Product Manager']",Optimizely,600000000.0,264660000.0,top_companies,Optimizely,3,3,3,"[1, 0, 0, 1, 0, 0, 0, 0, 1, 0, 1, 0, 0, 0, 0, 1, 0, 0, 0, 1, 0, 0, 1, 0, 0, 1]"
Ryan Petersen,Columbia Business School,Columbia Business School,Flexport.com,Founder and CEO,[],[],Flexport,0.0,2400000000.0,top_companies,Flexport,0,3,3,"[1, 0, 0, 0, 1, 0, 0, 1, 0, 0, 1, 0, 0, 1, 0, 0, 1, 0, 0, 0, 0, 0, 1, 0, 0, 1]"
Richard Aberman,Boston College,,WePay,Chief Product Officer & Co-Founder,[],[],WePay,400000000.0,74170000.0,top_companies,WePay,2,3,3,"[1, 0, 0, 1, 0, 0, 0, 1, 0, 0, 1, 0, 0, 1, 0, 0, 0, 0, 1, 0, 0, 0, 1, 0, 0, 1]"
Bill Clerico,Boston College,,WePay,CEO & Co-founder,"['Jefferies & Company', 'American Red Cross of Massachusetts Bay', 'Goldman Sachs', 'U.S. Army CERDEC', 'Massachusetts Statehouse']","['Investment Banking', 'Disaster Services Team Leader', 'Technology Analyst (Intern)', 'Network Engineer (Intern)', 'Advance Aide']",WePay,400000000.0,74170000.0,top_companies,WePay,2,3,3,"[1, 0, 0, 1, 0, 0, 0, 1, 0, 0, 1, 0, 0, 0, 0, 1, 0, 0, 1, 0, 0, 0, 1, 0, 0, 1]"
David Rusenko,Penn State University,,Weebly,Founder/CEO,['Packt Publishing'],['Author'],Weebly,365000000.0,76670000.0,top_companies,Weebly,2,3,3,"[0, 1, 0, 1, 0, 0, 0, 1, 0, 0, 1, 0, 0, 1, 0, 0, 0, 0, 1, 0, 0, 0, 1, 0, 0, 1]"
Chris Fanini,,,"Weebly, Inc.",Co-Founder / CTO,[],[],Weebly,365000000.0,76670000.0,top_companies,Weebly,2,3,3,"[1, 0, 0, 1, 0, 0, 0, 1, 0, 0, 1, 0, 0, 1, 0, 0, 0, 0, 1, 0, 0, 0, 1, 0, 0, 1]"
Harish Agarwal,,"University of California, Berkeley",Octopart Inc.,Co-Founder & CTO,[],[],Weebly,365000000.0,76670000.0,top_companies,Weebly,2,3,3,"[1, 0, 0, 0, 0, 0, 1, 1, 0, 0, 1, 0, 0, 1, 0, 0, 0, 0, 1, 0, 0, 0, 1, 0, 0, 1]"
Matt Feury,,,Flock Safety,"Founder, Distinguished Engineer (2023 - Present), CTO (2017 - 2023)","['Experience LLC', 'OpenStudy.com', 'United Methodist Communications', 'CEMB Studios']","['Product Strategy, Software Engineer', 'Software Engineer', 'Web Development Intern', 'Staff Engineer']",Flock Safety,0.0,380600000.0,S17,Flock Safety,0,3,3,"[1, 0, 0, 1, 0, 0, 0, 1, 0, 0, 1, 0, 0, 0, 0, 1, 1, 0, 0, 0, 0, 0, 1, 0, 0, 1]"
Garrett Langley,Georgia Institute of Technology,,Flock Safety,Founder & CEO,"['Moment LLC', 'Kenzie Lane Innovation', 'Experience LLC', 'Clutch Technologies', 'Firethorn, acquired by Qualcomm', 'Garrett Langley ‚Äì Computer Services']","['President', 'Product, Engineering, Design', 'Vice President and Co-Founder', 'Product, Engineering, Design', 'Employee', 'Owner']",Flock Safety,0.0,380600000.0,S17,Flock Safety,1,3,3,"[0, 1, 0, 1, 0, 0, 0, 1, 0, 0, 0, 1, 0, 0, 0, 1, 0, 1, 0, 0, 0, 0, 1, 0, 0, 1]"
Pierre Betouin,,,Sqreen,Co-founder & CEO (Acquired by Datadog),"['Apple', 'Apple', 'SAGEM Defense and security', 'EADS', 'Challenge-SecuriTech']","['\uf8ff Head of Red Team', 'Security Engineer', 'Security Engineer', 'Security Researcher', 'Founder']",Sqreen,0.0,16720000.0,top_companies,Sqreen,2,3,3,"[1, 0, 0, 1, 0, 0, 0, 1, 0, 0, 0, 1, 0, 0, 0, 1, 0, 0, 1, 0, 0, 0, 1, 0, 0, 1]"
Unknown,,,,,[],[],Sqreen,0.0,16720000.0,top_companies,Sqreen,0,3,3,"[1, 0, 0, 1, 0, 0, 0, 1, 0, 0, 1, 0, 0, 1, 0, 0, 1, 0, 0, 0, 0, 0, 1, 0, 0, 1]"
Unknown,,,,,[],[],NURX,0.0,115920000.0,top_companies,NURX,0,3,3,"[1, 0, 0, 1, 0, 0, 0, 1, 0, 0, 1, 0, 0, 1, 0, 0, 1, 0, 0, 0, 0, 0, 1, 0, 0, 1]"
Andrew Barnes,,University of Oxford,Go1,"CEO, Co-Founder",['The University of Queensland'],['Economics Tutor'],Go1,0.0,400000000.0,top_companies,Go1,0,3,3,"[1, 0, 0, 0, 0, 0, 1, 1, 0, 0, 1, 0, 0, 1, 0, 0, 1, 0, 0, 0, 0, 0, 1, 0, 0, 1]"
Chris Eigeland,Griffith University,,Go1,Chief Operating Officer & Co-Founder,"['Constitutional Court of South Africa', 'Griffith University', ""Attorney-General's Department"", 'The Schoolbag', 'Euro RSCG', 'Mallesons Stephen Jaques']","['Associate', 'University Council Member', 'Legal Clerk', 'Co-Founder & Operations', 'Strategy Intern', 'Legal Clerk']",Go1,0.0,400000000.0,top_companies,Go1,0,3,3,"[1, 0, 0, 1, 0, 0, 0, 1, 0, 0, 1, 0, 0, 1, 0, 0, 1, 0, 0, 0, 0, 0, 1, 0, 0, 1]"
Chris Hood,,Griffith University,Go1,Co-Founder,"['Univate', 'Intellidesign', 'Filtronic']","['Owner', 'Software Engineer', 'Electronic Engineer']",Go1,0.0,400000000.0,top_companies,Go1,0,3,3,"[1, 0, 0, 0, 1, 0, 0, 1, 0, 0, 1, 0, 0, 0, 0, 1, 1, 0, 0, 0, 0, 0, 1, 0, 0, 1]"
Unknown,,,,,[],[],Go1,0.0,400000000.0,top_companies,Go1,0,3,3,"[1, 0, 0, 1, 0, 0, 0, 1, 0, 0, 1, 0, 0, 1, 0, 0, 1, 0, 0, 0, 0, 0, 1, 0, 0, 1]"
Alex Polvi,,,"CoreOS, Inc",CEO,"['Cloudkick', 'Mozilla Corp.']","['CEO', 'Product Manager, Sysadmin']",CoreOS,250000000.0,48020000.0,top_companies,CoreOS,2,3,3,"[1, 0, 0, 1, 0, 0, 0, 1, 0, 0, 1, 0, 0, 0, 0, 1, 0, 0, 1, 0, 0, 0, 1, 0, 0, 1]"
Igino Cafiero,Carnegie Mellon University,Stanford University,Bear Flag Robotics,CEO,"['Y Combinator', 'Cisco', 'Insieme Networks (Acquired by Cisco Systems)', 'Broadcom', 'CKH MARKETING, LLC']","[""Alumni - Winter '18 Cohort"", 'Product Manager', 'Software Engineer', 'Software Engineer', 'Co Founder & CTO']",Bear Flag Robotics,250000000.0,11520000.0,top_companies,Bear Flag Robotics,2,3,3,"[0, 1, 0, 0, 1, 0, 0, 1, 0, 0, 1, 0, 0, 0, 0, 1, 0, 0, 1, 0, 0, 0, 1, 0, 0, 1]"
Aubrey Donnellan,,The University of Chicago Booth School of Business,Bear Flag Robotics,Founder & COO,"['Techstars', 'Accenture', 'Accenture', 'Maestro (now Tovala)', 'Net Impact', 'Boeing Satellite Systems']","['Business Associate, Music Accelerator', 'Senior Strategy Consultant', 'Management Consultant', 'Co-Founder', 'Consultant for National Park Service', 'Phantom Works R&D Engineer']",Bear Flag Robotics,250000000.0,11520000.0,top_companies,Bear Flag Robotics,2,3,3,"[1, 0, 0, 0, 1, 0, 0, 1, 0, 0, 0, 1, 0, 0, 0, 1, 0, 0, 1, 0, 0, 0, 1, 0, 0, 1]"
Eddy Lu,,,GOAT Group,Co-founder and CEO,"['Beard Papas', 'Lehman Brothers', 'Deloitte Consulting']","['Owner', 'Equity Research', 'Consultant']",GOAT Group,1100000000.0,491620000.0,top_companies,GOAT Group,2,3,3,"[1, 0, 0, 1, 0, 0, 0, 1, 0, 0, 1, 0, 0, 1, 0, 0, 0, 0, 1, 0, 0, 0, 1, 0, 0, 1]"
Sen Sugano,University of Southern California,University of Southern California,GOAT Group,Director of Business Development,[],[],GOAT Group,1100000000.0,491620000.0,top_companies,GOAT Group,2,3,3,"[1, 0, 0, 0, 1, 0, 0, 1, 0, 0, 1, 0, 0, 1, 0, 0, 0, 0, 1, 0, 0, 0, 1, 0, 0, 1]"
James Lindenbaum,Boston University,,Heroku,Founder & CEO,"['Bitscribe, Inc.']",['Principal'],Heroku,212000000.0,13020000.0,top_companies,Heroku,2,3,3,"[1, 0, 0, 1, 0, 0, 0, 1, 0, 0, 0, 0, 1, 1, 0, 0, 0, 0, 1, 0, 0, 0, 1, 0, 0, 1]"
Adam Wiggins,,,Heroku,Founder & CTO,"['Bitscribe, Inc.', 'Distinctivefabric.com, Inc.', 'TrustCommerce', 'Treyarch', 'Angel Studios']","['Founder', 'Founder', 'Founder', 'Programmer', 'Programmer']",Heroku,212000000.0,13020000.0,top_companies,Heroku,3,3,3,"[1, 0, 0, 1, 0, 0, 0, 1, 0, 0, 1, 0, 0, 1, 0, 0, 0, 0, 0, 1, 0, 0, 1, 0, 0, 1]"
Ishan Bansal,XLRI Jamshedpur,XLRI Jamshedpur,"Groww, India","Co-Founder,","['Flipkart', 'Naspers Limited', 'ICICI Securities', 'New Vernon Capital', 'Sterling Commerce an AT&T company']","['Corporate Development', 'Manager (Corporate Development and M&A)', 'Associate', 'Summer Intern', 'Summer Intern']",Groww,0.0,399890000.0,top_companies,Groww,0,3,3,"[1, 0, 0, 0, 1, 0, 0, 1, 0, 0, 1, 0, 0, 1, 0, 0, 1, 0, 0, 0, 0, 0, 1, 0, 0, 1]"
Harsh Jain,UCLA Anderson School of Management,"Indian Institute of Technology, Delhi","Groww, India",Co-Founder & COO,"['Flipkart.com', 'Seven Lakes Technologies', 'Viddy, Inc.', 'Village Crafts India', 'www.runjhunstories.com', 'Ittiam Systems', 'Ittiam Systems', 'FACHHOSCHULE, University of Applied Sciences']","['Product Manager', 'Product Manager', 'Product Manager', 'Director Business Development', 'Founder', 'Senior Engineer - Media Processing', 'Engineer - Media Processing', 'Intern, Media & Communication Institute, University of Applied Sciences']",Groww,0.0,399890000.0,top_companies,Groww,0,3,3,"[1, 0, 0, 0, 1, 0, 0, 1, 0, 0, 0, 1, 0, 0, 0, 1, 1, 0, 0, 0, 0, 0, 1, 0, 0, 1]"
Lalit Keshre,,,"Groww, India",Co-founder and CEO,"['Flipkart', 'Eduflix', 'Ittiam Systems']","['Product', 'Founder', 'Product and Engineering']",Groww,0.0,399890000.0,top_companies,Groww,0,3,3,"[1, 0, 0, 1, 0, 0, 0, 1, 0, 0, 1, 0, 0, 0, 0, 1, 1, 0, 0, 0, 0, 0, 1, 0, 0, 1]"
Neeraj Singh,"ITM UNIVERSITY, GWALIOR",,Groww.in,Co-Founder & CTO,"['Flipkart.com', 'Ivy Comptech', 'JDA Software']","['SDE', 'Senior Software Engineer', 'Software Engineer']",Groww,0.0,399890000.0,top_companies,Groww,0,3,3,"[1, 0, 0, 1, 0, 0, 0, 1, 0, 0, 0, 1, 0, 0, 0, 1, 1, 0, 0, 0, 0, 0, 1, 0, 0, 1]"
Unknown,,,,,[],[],GrubMarket,0.0,516960000.0,top_companies,GrubMarket,0,3,3,"[1, 0, 0, 1, 0, 0, 0, 1, 0, 0, 1, 0, 0, 1, 0, 0, 1, 0, 0, 0, 0, 0, 1, 0, 0, 1]"
Neal O'Mara,Bucknell University,,HelloSign,Co-founder / CTO,"['TripIt', 'McKesson / RelayHealth', 'McKesson / RelayHealth']","['Senior Software Engineer', 'Product Manager', 'Software Engineer']",HelloSign,230000000.0,16020000.0,top_companies,HelloSign,2,3,3,"[1, 0, 0, 1, 0, 0, 0, 1, 0, 0, 0, 1, 0, 0, 0, 1, 0, 0, 1, 0, 0, 0, 1, 0, 0, 1]"
Edward Kim,Stanford University,Stanford University,Gusto,Co-founder and Head of Technology,"['Picwing', 'Volkswagen of America Electronics Research Lab']","['Co-founder and CEO', 'Senior Project Engineer']",Gusto,0.0,921000000.0,top_companies,Gusto,1,3,3,"[1, 0, 0, 0, 1, 0, 0, 1, 0, 0, 0, 1, 0, 0, 0, 1, 0, 1, 0, 0, 0, 0, 1, 0, 0, 1]"
Tomer London,Technion - Israel Institute of Technology,Stanford University,Gusto,Co-Founder,"['Stanford University', 'Bump Technologies', 'Vizmo', 'Intel', 'Israeli Air Force', 'Writing Wiz']","['PhD Candidate, Electrical Engineering', 'Product Development Intern', 'Co-Founder, CEO', 'Researcher at Intel Architecture', 'Arrow Defense System', 'Founder']",Gusto,0.0,921000000.0,top_companies,Gusto,0,3,3,"[0, 0, 1, 0, 1, 0, 0, 1, 0, 0, 1, 0, 0, 0, 0, 1, 1, 0, 0, 0, 0, 0, 1, 0, 0, 1]"
Josh R.,Stanford University,Stanford University,Gusto,Head of Gusto (CEO) and Co-Founder. Building Gusto for the Long Term.,[],[],Gusto,0.0,921000000.0,top_companies,Gusto,0,3,3,"[1, 0, 0, 0, 1, 0, 0, 1, 0, 0, 1, 0, 0, 1, 0, 0, 1, 0, 0, 0, 0, 0, 1, 0, 0, 1]"
Betsie Larkin,,,Honeylove,CEO & Founder,['Bellabeat'],['Marketing Director'],Honeylove,0.0,13120000.0,top_companies,Honeylove,0,3,3,"[1, 0, 0, 1, 0, 0, 0, 1, 0, 0, 0, 1, 0, 1, 0, 0, 1, 0, 0, 0, 0, 0, 1, 0, 0, 1]"
Carly Leahy,Amherst College,,Modern Fertility,"Co-founder, CCO Modern Fertility","['Uber', 'Google', 'Digitas']","['Senior Content Designer & Creative Strategist, Uber Everything', 'Creative Lead', 'Creative Strategist + Copywriter']",Modern Fertility,225000000.0,22000000.0,S17,Modern Fertility,2,3,3,"[1, 0, 0, 1, 0, 0, 0, 0, 1, 0, 0, 1, 0, 1, 0, 0, 0, 0, 1, 0, 0, 0, 1, 0, 0, 1]"
Afton Vechery,Wake Forest University,,Modern Fertility,Co-founder / CEO,"['23andMe', 'Willow Pump', 'Autism Acumen', 'ARIS Teleradiology', 'Great Point Partners', 'Kera10 (now Virtue Labs)']","['Product', 'Strategy & Finance Consultant', 'Head of Product and Operations', 'Board Observer', 'Private Equity Analyst', 'Co-Founder']",Modern Fertility,225000000.0,22000000.0,S17,Modern Fertility,2,3,3,"[1, 0, 0, 1, 0, 0, 0, 1, 0, 0, 0, 1, 0, 0, 0, 1, 0, 0, 1, 0, 0, 0, 1, 0, 0, 1]"
Alain Meier,Stanford University,,Cognito,"Co-Founder, CEO",['Aftershock SF'],['Software Engineer'],Cognito,0.0,2000000.0,top_companies,Cognito,0,3,3,"[1, 0, 0, 1, 0, 0, 0, 1, 0, 0, 1, 0, 0, 0, 0, 1, 1, 0, 0, 0, 0, 0, 1, 0, 0, 1]"
Christopher Morton,Duke University - The Fuqua School of Business,Duke University - The Fuqua School of Business,Cognito,President and COO,"['Cube', 'Storsimple', 'InnoPath Software', 'ASAP', 'Cisco Systems', 'Andiamo Systems', 'Nishan', 'IBM', 'UC Davis']","['Founder and CEO', 'Director of Marketing', 'Director of Marketing', 'CEO and Founder', 'Technical Marketing', 'Technical Marketing', 'Technical Marketing Engineer', 'Product Engineer', 'Parking Automation Project']",Cognito,0.0,2000000.0,top_companies,Cognito,0,3,3,"[1, 0, 0, 0, 1, 0, 0, 1, 0, 0, 0, 1, 0, 0, 0, 1, 1, 0, 0, 0, 0, 0, 1, 0, 0, 1]"
Unknown,,,,,[],[],OpenInvest,0.0,24150000.0,top_companies,OpenInvest,0,3,3,"[1, 0, 0, 1, 0, 0, 0, 1, 0, 0, 1, 0, 0, 1, 0, 0, 1, 0, 0, 0, 0, 0, 1, 0, 0, 1]"
Phillip Wei,Princeton University,,OpenInvest,"Co-Founder, CTO","['Blue Mountain Capital Group', 'Deliveroo', 'Bridgewater Associates']","['Quantitative Strategist', 'Co-Founder', 'Technology Associate']",OpenInvest,0.0,24150000.0,top_companies,OpenInvest,0,3,3,"[1, 0, 0, 1, 0, 0, 0, 1, 0, 0, 1, 0, 0, 1, 0, 0, 1, 0, 0, 0, 0, 0, 1, 0, 0, 1]"
Vidit Aatrey,,,,,"['InMobi', 'ITC Limited']","['Strategy', 'Operations']",Meesho,0.0,1360000000.0,top_companies,Meesho,0,3,3,"[1, 0, 0, 1, 0, 0, 0, 1, 0, 0, 1, 0, 0, 1, 0, 0, 1, 0, 0, 0, 0, 0, 1, 0, 0, 1]"
Sanjeev Barnwal,"Indian Institute of Technology, Delhi",,Meesho,Founder and CTO,"['Sony Mobile Communications', 'Sony Corporation', 'Sony Corporation', 'Samsung']","['Android Camera Hardware Abstraction Layer Architecture Designer & Developer', 'Embedded Real Time Operating Systems Developer', 'Personal Application Design Engineer', 'Android Application Development Intern']",Meesho,0.0,1360000000.0,top_companies,Meesho,0,3,3,"[1, 0, 0, 1, 0, 0, 0, 1, 0, 0, 1, 0, 0, 0, 0, 1, 1, 0, 0, 0, 0, 0, 1, 0, 0, 1]"
Tim Trefren,,,"Mixpanel, Inc.",Founder,[],[],Mixpanel,0.0,284520000.0,top_companies,Mixpanel,2,3,3,"[1, 0, 0, 1, 0, 0, 0, 1, 0, 0, 1, 0, 0, 1, 0, 0, 0, 0, 1, 0, 0, 0, 1, 0, 0, 1]"
Suhail D.,,Arizona State University,"Mixpanel, Inc.",CEO & Founder,['Slide'],['Software Engineer Intern'],Mixpanel,0.0,284520000.0,top_companies,Mixpanel,0,3,3,"[1, 0, 0, 0, 1, 0, 0, 1, 0, 0, 1, 0, 0, 0, 0, 1, 1, 0, 0, 0, 0, 0, 1, 0, 0, 1]"
Shola Akinlade,Babcock University,,Paystack,Cofounder / CEO,"['Klein Devort', 'Nigerian Breweries PLC']","['Co-founder and Software Architect', 'Management Trainee / Database Manager']",Paystack,200000000.0,11700000.0,top_companies,Paystack,3,3,3,"[1, 0, 0, 1, 0, 0, 0, 1, 0, 0, 1, 0, 0, 1, 0, 0, 0, 0, 0, 1, 0, 0, 1, 0, 0, 1]"
Ezra Olubi,Babcock University,,Paystack,Cofounder and CTO,"['Delivery Science Inc', 'Jobberman Ltd.', 'Softcom Imagio Ltd.', 'Softcom Limited Nigeria', 'Softcom Limited Nigeria', 'North Ocean Logistics & Solutions Ltd', 'Business Management Consultants Ltd.']","['Chief Technology Officer', 'Chief Technology Officer', 'Head, Product Development', 'Head, Developers', 'Web/Applications Developer', 'Web Applications Developer', 'IT Administrator']",Paystack,200000000.0,11700000.0,top_companies,Paystack,2,3,3,"[1, 0, 0, 1, 0, 0, 0, 1, 0, 0, 0, 1, 0, 0, 0, 1, 0, 0, 1, 0, 0, 0, 1, 0, 0, 1]"
Unknown,,,,,[],[],Moxion Power Co.,0.0,110000000.0,top_companies,Moxion Power Co.,0,3,3,"[1, 0, 0, 1, 0, 0, 0, 1, 0, 0, 1, 0, 0, 1, 0, 0, 1, 0, 0, 0, 0, 0, 1, 0, 0, 1]"
Alexander Meek,St. Lawrence University,Babson F.W. Olin Graduate School of Business,Outfit Ventures,Managing Partner,"['Vista Power', 'StokedPlastics', 'Moxion Power Co.', 'Newday Impact Investing', 'Silver Creek Capital', 'Fred Beverages, Inc.', 'Deutsche Bank']","['Board Advisor', 'Board of Directors', 'Co-founder & President', 'Co-founder & President', 'Director', 'Vice President', 'Associate']",Moxion Power Co.,0.0,110000000.0,top_companies,Moxion Power Co.,0,3,3,"[1, 0, 0, 0, 1, 0, 0, 1, 0, 0, 0, 1, 0, 1, 0, 0, 1, 0, 0, 0, 0, 0, 1, 0, 0, 1]"
Daniel Kivatinos üöÄ,Stony Brook University,Stony Brook University,JustPaid,CEO and Co-Founder,"['kivatinos.com', 'DrChrono', 'DrChrono', 'Y Combinator', 'CommPartners', 'Oxford, Stanford & Yale Online Education Alliance for Lifelong Learning', 'Automated Financial Systems, Inc. (AFS)', 'State University Of Stony Brook']","['Investing', 'Cofounder / Copresident', 'Cofounder / Chief Operating Officer', 'Startup School Advisor', 'Senior Applications Developer', 'Developer', 'Programmer', 'Teaching']",DrChrono,180000000.0,26800000.0,top_companies,DrChrono,2,3,3,"[1, 0, 0, 0, 1, 0, 0, 1, 0, 0, 0, 1, 0, 1, 0, 0, 0, 0, 1, 0, 0, 0, 1, 0, 0, 1]"
Michael ü¶Ñ Nusimow,Stony Brook University,Columbia Engineering,ThoughtfulGPT,COO & Co-Founder,"['Cash Flow Portal', 'OpenCall.ai (YC W24)', 'Certainly Health', 'DrChrono']","['Seed Investor', 'Angel Investor', 'Angel Investor', 'CEO, cofounder']",DrChrono,180000000.0,26800000.0,top_companies,DrChrono,2,3,3,"[1, 0, 0, 0, 1, 0, 0, 1, 0, 0, 1, 0, 0, 1, 0, 0, 0, 0, 1, 0, 0, 0, 1, 0, 0, 1]"
Charles Forman,Y Combinator,Street and Sidewalks University,Storyboarder,"CEO, Co-Founder","['wonderunit', 'Picturelife, Inc.', 'OMGPOP']","['Co-Founder', 'CEO, Founder', 'Founder & CEO']",OMGPop,210000000.0,16600000.0,top_companies,OMGPop,2,3,3,"[1, 0, 0, 0, 1, 0, 0, 1, 0, 0, 1, 0, 0, 1, 0, 0, 0, 0, 1, 0, 0, 0, 1, 0, 0, 1]"
Spike Lipkin,Stanford University Graduate School of Business,Stanford University Graduate School of Business,Newfront,Co-founder & CEO,"['Opendoor.com', 'The Blackstone Group', 'Small Business Development Center']","['Early team, then head of finance', 'Investor', 'Senior Consultant']",Newfront,0.0,310000000.0,top_companies,Newfront,0,3,3,"[1, 0, 0, 0, 1, 0, 0, 1, 0, 0, 0, 1, 0, 1, 0, 0, 1, 0, 0, 0, 0, 0, 1, 0, 0, 1]"
Gordon Wintrob,Massachusetts Institute of Technology,,Newfront Insurance,Co-founder & CTO,"['LinkedIn', 'StackLead', 'CardSpring (acquired by Twitter)', 'Goldman Sachs', 'The Blackstone Group', 'Morgan Stanley', 'University of Southern California', 'Eos Neuroscience', 'Canyon Capital Advisors']","['Engineering Manager', 'Co-Founder and CEO', 'Software Engineer', 'Summer Analyst, Investment Banking', 'Winter Analyst, Technology M&A', 'Summer Analyst, Proprietary Trading', 'Researcher, Department of Computational Biology', 'Visiting Scholar', 'Summer Analyst']",Newfront,0.0,310000000.0,top_companies,Newfront,1,3,3,"[0, 0, 1, 1, 0, 0, 0, 1, 0, 0, 1, 0, 0, 0, 0, 1, 0, 1, 0, 0, 0, 0, 1, 0, 0, 1]"
Maximiliano Casal,Y Combinator,,Nowports,Co-Founder,"['Endeavor', 'Bestway International, Inc.', 'Croway', 'Moove-it', 'AgroBeep', 'Globant', 'Globant', 'Greycon']","['Board Member', 'Internship', 'Co-Founder & CTO', 'Team Leader & Sr. iOS Developer', 'Co Founder', 'iOS Developer', 'Software Engineer', '.Net Software Developer']",Nowports,0.0,242890000.0,top_companies,Nowports,0,3,3,"[1, 0, 0, 1, 0, 0, 0, 1, 0, 0, 1, 0, 0, 0, 0, 1, 1, 0, 0, 0, 0, 0, 1, 0, 0, 1]"
Alfonso De los Rios,,,Nowports,CEO & Founder,"['Y Combinator', 'Yewno, Inc.', 'GSVlabs', 'Blooders.org', 'Lookat', 'TrepCamp']","['Alumni', 'Software Engineer', 'Accelerator', 'Desarrollador web', 'Co-Founder', 'Student']",Nowports,0.0,242890000.0,top_companies,Nowports,0,3,3,"[1, 0, 0, 1, 0, 0, 0, 1, 0, 0, 1, 0, 0, 0, 0, 1, 1, 0, 0, 0, 0, 0, 1, 0, 0, 1]"
Unknown,,,,,[],[],Odeko,0.0,280000000.0,top_companies,Odeko,0,3,3,"[1, 0, 0, 1, 0, 0, 0, 1, 0, 0, 1, 0, 0, 1, 0, 0, 1, 0, 0, 0, 0, 0, 1, 0, 0, 1]"
Ben Thompson,Y Combinator,,King Energy,Investor / Advisor,"['Lattice', 'Pluralsight', 'GitPrime', 'Studiofluid', 'Sony Design Center']","['Head of Design, HRIS Products', 'Acquisition, GitPrime', 'Cofounder', 'Founder', 'Senior Designer']",GitPrime,170000000.0,13000000.0,top_companies,GitPrime,2,3,3,"[1, 0, 0, 1, 0, 0, 0, 1, 0, 0, 0, 1, 0, 0, 0, 1, 0, 0, 1, 0, 0, 0, 1, 0, 0, 1]"
Travis Kimmel,Y Combinator,,AeroCloud,Board Member,"['Lattice', 'Real Vision', 'Pluralsight', 'GitPrime']","['GM, Lattice HRIS', 'President', 'Head of Product, Software Engineering Workflows', 'CEO']",GitPrime,170000000.0,13000000.0,top_companies,GitPrime,2,3,3,"[1, 0, 0, 1, 0, 0, 0, 1, 0, 0, 0, 1, 0, 0, 0, 1, 0, 0, 1, 0, 0, 0, 1, 0, 0, 1]"
Denis Mars,University of Sydney,,Alpha Centauri Fund,Founder & General Partner,"['≈åURA', 'Proxy (acquired by ≈åURA)', 'Y Combinator', 'Jive Software', 'Jive Software', 'Bitplay, Inc. (Acquired by Jive Software)', 'Advance.org', 'Modena (Acquired by Private Investor Group)', 'University of Sydney', 'University of Sydney', 'Australian Formula 3']","['Future Technologies', 'CEO and Co-founder', 'Director of Admissions', 'VP, Emerging Products', 'Director of Engineering', 'CEO and Co-founder', 'Committee Member', 'CEO and Founder', 'Engineering Lecturer & Tutor', 'Team Leader - Formula SAE', 'F3 Race Engineer']",Proxy,0.0,55600000.0,top_companies,Proxy,2,3,3,"[1, 0, 0, 1, 0, 0, 0, 1, 0, 0, 0, 0, 1, 0, 0, 1, 0, 0, 1, 0, 0, 0, 1, 0, 0, 1]"
Simon R.,University of Sydney,Stanford University,≈åURA,VP Software Engineering,"['Proxy (acquired by ≈åURA)', 'Jive Software', 'Inporia', 'YouTube', 'Omnisio (acquired by Google)', 'Sensory Networks (acquired by Intel)', 'University of Sydney', 'Unixpac', None]","['CTO, Founder', 'Engineer', 'CTO', 'Engineer', 'CTO, Founder', 'Engineer', 'Teaching Assistant', 'Network Security Consultant', 'Software Consultant']",Proxy,0.0,55600000.0,top_companies,Proxy,2,3,3,"[1, 0, 0, 0, 1, 0, 0, 1, 0, 0, 1, 0, 0, 0, 0, 1, 0, 0, 1, 0, 0, 0, 1, 0, 0, 1]"
Bo Lu,University of Illinois Urbana-Champaign,,Clipboard Health,Co-Chief Executive Officer,"['Clipboard Health', 'Y Combinator', 'BlackRock', 'FutureAdvisor', 'Microsoft', 'Microsoft', 'Argonne National Laboratory', 'Argonne National Laboratory']","['President', 'Visiting Partner', 'Managing Director', 'Co-Founder & CEO', 'Program Manager', 'Product Planner', 'Software Engineer', 'Software Engineer']",FutureAdvisor,150000000.0,21500000.0,top_companies,FutureAdvisor,2,3,3,"[1, 0, 0, 1, 0, 0, 0, 1, 0, 0, 0, 1, 0, 0, 0, 1, 0, 0, 1, 0, 0, 0, 1, 0, 0, 1]"
Dennis Steele,Brigham Young University,,Podium,Co-Founder,"['DevMountain', 'PilmerPR', 'Protection 1 Security Solutions']","['Developer', 'Account Manager', 'Sales Manager']",Podium,0.0,418500000.0,top_companies,Podium,0,3,3,"[0, 1, 0, 1, 0, 0, 0, 1, 0, 0, 1, 0, 0, 1, 0, 0, 1, 0, 0, 0, 0, 0, 1, 0, 0, 1]"
Eric Rea,Brigham Young University Marriott School of Business,Brigham Young University Marriott School of Business,Podium.com,Co-founder & CEO,"['International Atomic Energy Agency (IAEA)', 'finegrain', 'Walmart', 'OrangeSoda']","['Software Engineer', 'Founder', 'Software Engineering Intern', 'Enterprise Product Intern']",Podium,0.0,418500000.0,top_companies,Podium,0,3,3,"[1, 0, 0, 0, 1, 0, 0, 1, 0, 0, 1, 0, 0, 0, 0, 1, 1, 0, 0, 0, 0, 0, 1, 0, 0, 1]"
Sebastian Mejia,Universidad Aut√≥noma de Madrid,,Rappi,Co-Founder - President ,"['Impacto Global Inc.', 'Grability, Inc.', 'SebMe LLC']","['Founder', 'Founder', 'Founder']",Rappi,0.0,2500000000.0,top_companies,Rappi,0,3,3,"[1, 0, 0, 1, 0, 0, 0, 1, 0, 0, 1, 0, 0, 1, 0, 0, 1, 0, 0, 0, 0, 0, 1, 0, 0, 1]"
Sim√≥n Borrero,EADA Business School,EADA Business School,Rappi,CEO & Co-Founder,"['Grability, Inc.', 'Imaginamos', 'Ventrevista', 'Elecciones.com.co']","['Co Founder', 'Founder', 'Co Founder', 'Founder']",Rappi,0.0,2500000000.0,top_companies,Rappi,0,3,3,"[1, 0, 0, 0, 1, 0, 0, 1, 0, 0, 1, 0, 0, 1, 0, 0, 1, 0, 0, 0, 0, 0, 1, 0, 0, 1]"
Felipe Villamarin,,,Rappi,Co Founder,"['Grability, Inc.', 'Imaginamos']","['Partner & Account Manager', 'New Business Development']",Rappi,0.0,2500000000.0,top_companies,Rappi,0,3,3,"[1, 0, 0, 1, 0, 0, 0, 1, 0, 0, 1, 0, 0, 1, 0, 0, 1, 0, 0, 0, 0, 0, 1, 0, 0, 1]"
Shashank Kumar,,,Razorpay,Founder and Managing Director,"['Razorpay', 'Microsoft', 'SDSLabs', 'Microsoft', 'Computer Science and Engineering Department, University of Minnesota']","['Founder and CTO', 'Software Development Engineer', 'Vice President', 'Software Development Engineer (Intern)', 'Research Intern']",Razorpay,0.0,740000000.0,top_companies,Razorpay,3,3,3,"[1, 0, 0, 1, 0, 0, 0, 1, 0, 0, 0, 1, 0, 0, 0, 1, 0, 0, 0, 1, 0, 0, 1, 0, 0, 1]"
Unknown,,,,,[],[],Razorpay,0.0,740000000.0,top_companies,Razorpay,0,3,3,"[1, 0, 0, 1, 0, 0, 0, 1, 0, 0, 1, 0, 0, 1, 0, 0, 1, 0, 0, 0, 0, 0, 1, 0, 0, 1]"
Parker Conrad,Harvard University,,Rippling,Customer Support,"['Zenefits', 'SigFig', 'SigFig', 'Wikinvest', 'Amgen']","['Co-Founder and CEO', 'Co-Founder, Board Member', 'President, Head of Product', 'Co-CEO, Co-Founder', 'Product Manager']",Rippling,0.0,802500000.0,W17,Rippling,2,3,3,"[1, 0, 0, 1, 0, 0, 0, 1, 0, 0, 0, 1, 0, 0, 0, 1, 0, 0, 1, 0, 0, 0, 1, 0, 0, 1]"
Prasanna Sankar,,,0xPPL,Founder,"['Rippling', 'Zenefits', 'Likealittle', 'Microsoft', 'Google']","['Co-Founder and CTO', 'Director of Engineering', 'Co-Founder and CTO', 'Software Developer', 'Intern']",Rippling,0.0,802500000.0,W17,Rippling,2,3,3,"[1, 0, 0, 1, 0, 0, 0, 0, 1, 0, 0, 1, 0, 0, 0, 1, 0, 0, 1, 0, 0, 0, 1, 0, 0, 1]"
Alexandr Wang,Massachusetts Institute of Technology,,Scale AI,CEO and founder,"['Hudson River Trading', 'Quora', 'Addepar']","['Algorithm Developer', 'Tech Lead', 'Software Engineer']",Scale AI,0.0,1600000000.0,top_companies,Scale AI,0,3,3,"[0, 0, 1, 1, 0, 0, 0, 1, 0, 0, 1, 0, 0, 0, 0, 1, 1, 0, 0, 0, 0, 0, 1, 0, 0, 1]"
Andrei Rebrov üöÄ,,,Scentbird,CTO / Co-founder,"['Workspace6', 'Finlens', 'MACH Alliance', 'Entrepreneurs Roundtable Accelerator', 'Primary Venture Partners', 'Libi & Daughters', 'Deck of Scarlet', 'Berkelyn', 'Precious Payload', 'Legionfarm', 'ScrumTrek', 'Luxoft', 'Magenta Technology']","['Member', 'Jedi Master', 'MACH Ambassador', 'Entrepreneur In Residence', 'Expert', 'Technical Advisor', 'CTO & Co-founder', 'Business Operations and Product Innovation, Technical Advisor', 'Advisor', 'Technical Adviser', 'Agile coach', 'Senior Developer', 'Software Developer']",Scentbird,0.0,24060000.0,top_companies,Scentbird,0,3,3,"[1, 0, 0, 1, 0, 0, 0, 1, 0, 0, 0, 1, 0, 0, 0, 1, 1, 0, 0, 0, 0, 0, 1, 0, 0, 1]"
Mariya Nurislamova,Baruch College,,Scentbird,CEO/ Co-founder,"['drift', 'Deck of Scarlet', 'Beta Week', 'Neuvey', 'Missionelle', 'The Iris Organization', 'Xtreme Mobile']","['Chief Executive Officer', 'CEO/ Co-founder', 'Co-Founder', 'Co-founder and COO', 'Founder and Chief Executive Officer', 'New York Regional Director', 'Executive Assistant to the CEO']",Scentbird,0.0,24060000.0,top_companies,Scentbird,0,3,3,"[1, 0, 0, 1, 0, 0, 0, 1, 0, 0, 0, 0, 1, 1, 0, 0, 1, 0, 0, 0, 0, 0, 1, 0, 0, 1]"
Jared Friedman,,,Y¬†Combinator,Group Partner,"['Scribd.com', 'Various Startups', 'Bridgewater Associates', 'Cycorp']","['Co-Founder & CTO', 'Angel Investor', 'Summer Associate', 'Member of the Technical Staff']",Scribd,0.0,105800000.0,top_companies,Scribd,3,3,3,"[1, 0, 0, 1, 0, 0, 0, 1, 0, 0, 1, 0, 0, 1, 0, 0, 0, 0, 0, 1, 0, 0, 1, 0, 0, 1]"
Divey Gulati,Gies College of Business - University of Illinois Urbana-Champaign,Gies College of Business - University of Illinois Urbana-Champaign,"ShipBob, Inc.",Co Founder,"['YPO', 'Deloitte', 'Global Consulting Program', 'Deloitte Consulting', 'Global Consulting Program', 'Illinois Business Consulting', 'Proact Management Consulting', 'Prime HealthChakra Pvt. Ltd', 'Bank of America', 'Prime HealthChakra Pvt. Ltd', 'CODY DIRECT CORPORATION', 'Epic', 'INFORMATION TRUST INSTITUTE, UNIVERSITY OF ILLINOIS']","['Member', 'Consultant', 'Co-Student Director', 'Summer Associate', 'Project Manager', 'Consultant', 'Consultant', 'Digital Marketing Manager', 'Team Leader', 'Product Manager Trainee', 'Systems Analyst', 'Software Developer', 'Software Engineer Intern']",ShipBob,0.0,331000000.0,top_companies,ShipBob,0,3,3,"[1, 0, 0, 0, 1, 0, 0, 1, 0, 0, 0, 1, 0, 0, 0, 1, 1, 0, 0, 0, 0, 0, 1, 0, 0, 1]"
dhruv saxena,,Purdue University,"ShipBob, Inc.",Co-Founder,"['InContext Solutions', 'Purdue University', 'Purdue University', 'Purdue University']","['Software Developer', 'Research Assistant', 'Resident Assistant-Hawkins Hall', 'Undergraduate Research Assistant']",ShipBob,0.0,331000000.0,top_companies,ShipBob,0,3,3,"[1, 0, 0, 0, 1, 0, 0, 1, 0, 0, 1, 0, 0, 1, 0, 0, 1, 0, 0, 0, 0, 0, 1, 0, 0, 1]"
Michael Carvin,,,SmartAsset.com,CEO & Founder,"['Altima Partners', 'Leucadia National Corporation']","['Senior Associate', 'Analyst']",SmartAsset,0.0,189000000.0,top_companies,SmartAsset,0,3,3,"[1, 0, 0, 1, 0, 0, 0, 1, 0, 0, 0, 1, 0, 1, 0, 0, 1, 0, 0, 0, 0, 0, 1, 0, 0, 1]"
John Collison,,,Stripe,President,[],[],Stripe,0.0,2300000000.0,top_companies,Stripe,0,3,3,"[1, 0, 0, 1, 0, 0, 0, 1, 0, 0, 1, 0, 0, 1, 0, 0, 1, 0, 0, 0, 0, 0, 1, 0, 0, 1]"
Patrick Collison,,,Stripe,Content Strategist,['Auctomatic'],['Cofounder'],Stripe,0.0,2300000000.0,top_companies,Stripe,1,3,3,"[1, 0, 0, 1, 0, 0, 0, 1, 0, 0, 1, 0, 0, 1, 0, 0, 0, 1, 0, 0, 0, 0, 1, 0, 0, 1]"
Bryant Chou,UC San Diego,,Webflow,Co-Founder (Founding CTO),"['Vungle', 'Intuit', 'Qualcomm', 'WebSense Research', 'Symantec']","['CTO', 'Senior Software Engineer', 'Prototype Engineer and Market Researcher', 'Web Security Intern', 'Software Engineer']",Webflow,0.0,334920000.0,top_companies,Webflow,3,3,3,"[0, 1, 0, 1, 0, 0, 0, 1, 0, 0, 0, 1, 0, 0, 0, 1, 0, 0, 0, 1, 0, 0, 1, 0, 0, 1]"
Vlad Magdalin,California Polytechnic State University-San Luis Obispo,,Webflow,Co-founder & Chief Innovation Officer,"['Webflow', 'Intuit', 'Chatterfox.com', 'Web Associates']","['Co-Founder & CEO', 'Senior Software Engineer', 'Co-Founder', 'Web Systems Engineer']",Webflow,0.0,334920000.0,top_companies,Webflow,0,3,3,"[1, 0, 0, 1, 0, 0, 0, 1, 0, 0, 0, 1, 0, 0, 0, 1, 1, 0, 0, 0, 0, 0, 1, 0, 0, 1]"
Logan Head,,The University of Montana - College of Business,Whatnot,Co-Founder - CTO,"['GOAT - Sneaker Marketplace', 'Flight Club', 'Factr', ""Maker's Row"", 'Submittable', 'Zoo Mountain Natural Care']","['Senior Product Manager', 'Director Of Engineering', 'Technical Lead Engineer', 'Software Engineer', 'Full Stack Engineer', 'CEO/President']",Whatnot,0.0,749700000.0,top_companies,Whatnot,0,3,3,"[1, 0, 0, 0, 1, 0, 0, 1, 0, 0, 0, 1, 0, 0, 0, 1, 1, 0, 0, 0, 0, 0, 1, 0, 0, 1]"
Grant LaFontaine,Cornell University,,Whatnot,CEO & Co-Founder,"['Facebook', 'Google']","['Product Manager - AR / VR', 'Product Marketing Manager']",Whatnot,0.0,749700000.0,top_companies,Whatnot,0,3,3,"[1, 0, 0, 1, 0, 0, 0, 0, 1, 0, 1, 0, 0, 0, 0, 1, 1, 0, 0, 0, 0, 0, 1, 0, 0, 1]"
Wade Foster,University of Missouri-Columbia,University of Missouri-Columbia,Zapier,Co-founder and CEO,"['Veterans United Home Loans', 'The Idea Works, Inc.']","['Email Marketing Manager', 'Customer Development Lead']",Zapier,0.0,1200000.0,top_companies,Zapier,0,3,3,"[1, 0, 0, 0, 1, 0, 0, 1, 0, 0, 1, 0, 0, 1, 0, 0, 1, 0, 0, 0, 0, 0, 1, 0, 0, 1]"
Bryan Helmig,,,Zapier,"CTO, co-founder",['Veterans United Home Loans'],['Product Dev/Manager'],Zapier,0.0,1200000.0,top_companies,Zapier,0,3,3,"[1, 0, 0, 1, 0, 0, 0, 1, 0, 0, 1, 0, 0, 0, 0, 1, 1, 0, 0, 0, 0, 0, 1, 0, 0, 1]"
Unknown,,,,,[],[],Zapier,0.0,1200000.0,top_companies,Zapier,0,3,3,"[1, 0, 0, 1, 0, 0, 0, 1, 0, 0, 1, 0, 0, 1, 0, 0, 1, 0, 0, 0, 0, 0, 1, 0, 0, 1]"
Aadit Palicha,Stanford University,,Zepto,Co-Founder & CEO,"['KiranaKart', 'GoPool', 'PryvaSee']","['Founder & CEO', 'Founder', 'Project Lead']",Zepto,0.0,1205000000.0,top_companies,Zepto,0,3,3,"[1, 0, 0, 1, 0, 0, 0, 1, 0, 0, 1, 0, 0, 1, 0, 0, 1, 0, 0, 0, 0, 0, 1, 0, 0, 1]"
Kaivalya V.,Stanford University,,Zepto,Co-Founder | Product & Tech,['KiranaKart'],['Founder & CTO'],Zepto,0.0,1205000000.0,top_companies,Zepto,0,3,3,"[1, 0, 0, 1, 0, 0, 0, 1, 0, 0, 1, 0, 0, 1, 0, 0, 1, 0, 0, 0, 0, 0, 1, 0, 0, 1]"
